,K1,K14,K15,K2,K3,K4,K5,K7,LANA,Orf10,Orf11,Orf16,Orf17,Orf18,Orf20,Orf21,Orf22,Orf23,Orf24,Orf25,Orf26,Orf27,Orf29,Orf30,Orf32,Orf34,Orf36,Orf37,Orf39,Orf4,Orf40,Orf42,Orf43,Orf44,Orf45,Orf46,Orf47,Orf48,Orf49,Orf50,Orf52,Orf54,Orf55,Orf56,Orf57,Orf58,Orf59,Orf6,Orf60,Orf61,Orf62,Orf63,Orf65,Orf66,Orf67,Orf68,Orf69,Orf7,Orf70,Orf8,Orf9,vIRF1,vIRF2,vIRF4,cluster
180,-1.415987336128092,-5.867100390921451,-0.8586434877042928,0.474951551379199,-0.7334076124118266,-2.7550056296813703,-2.34140245305176,-2.55572353392117,-1.5287071599139366,-5.9840345108747295,-7.5321128409872875,-5.406533004400485,1.1208135767260097,-3.3648795511663834,-3.793810075320014,3.1904975051425786,-4.12340921256733,-5.00041797055391,-1.9544132209047,-3.4703983100860736,-2.678145594172375,-4.216661512346085,-4.65295723834312,-3.866520612898787,-2.15774542344289,2.910953319462375,-0.26806588379907653,4.966147862630165,-1.246610814444684,-6.61768496637884,-1.2072822710756137,-6.845539945259111,1.1385438258336353,-3.766922891009745,-0.16411622040840873,-0.449627616828867,-6.245755858545032,-1.4967856997558273,-4.358046975920926,0.18047571279226648,-3.7680821867821646,-2.5574668416718698,3.5058925768266804,-0.5839927719214741,3.2081654969863718,4.627220434333982,-0.46367138906808,-8.073695497017916,4.87411409047487,-5.172901740271712,-2.6933637043100354,-1.257077956642681,-11.8931261279052,-6.748318316088167,-6.743363016415355,-0.15917344852276896,2.85557324225152,-1.236631455616323,-2.35642322374483,-5.022775221901377,-8.510177438618907,-1.0707050421335005,-3.6135140131031,-4.862868039556435,2
220,-1.415987336128092,-5.6050350391464905,-7.291089836048448,-7.03478930218246,3.689510572894987,-2.9682525808685867,7.777974824908455,-14.070593960702015,-11.409153508258093,-9.337281462061947,-8.96273556302707,-5.406533004400485,-3.939121636664395,7.33936815357465,0.20388900657641235,0.030168739262171673,-4.12340921256733,-5.00041797055391,3.5498344838363454,0.88910015974129,-2.678145594172375,-1.8024138076050402,-4.65295723834312,3.132977856928573,-2.7901806368333024,-4.593917107318455,-0.47293631057990404,-9.493592990931472,-1.246610814444684,-7.36093191756606,-3.5494795306038585,-6.845539945259111,-4.156828131119837,-6.8856281812965365,-5.411060746384394,-0.380873060908428,-6.228567219564923,-9.532032274166122,-5.542441494977412,-3.1703545832607727,-7.783704908821949,-1.6549638043915753,-4.216252853413893,-4.030791867656876,-3.9059117502538965,-11.982814375387052,-8.64066682161515,-11.210275781538483,-9.101379058345715,-7.5988358233313935,0.8955120434775546,-3.0790032688998714,-6.03437157198479,-8.609887787179765,-4.78411531167432,0.4368704961041278,-17.93916761131015,-6.823125357990757,-2.35642322374483,-8.836022173088596,-8.510177438618907,-3.0287629775636997,-3.679889030401835,-10.185614613966742,2
225,-0.23097084688320538,2.906795671542608,3.912528489403602,-5.84977281293757,-2.8683047410208236,-1.7832360916237018,-4.401256390587702,-1.2255774714571097,3.7694648171939598,-8.15226497281707,-3.1419667785232197,-4.221516515155595,-2.7541051474195077,-2.1798630619214996,-2.6087935860751257,-2.0076465746536356,-2.9383927233224436,-3.815401481309025,-0.769396731659814,-2.2853818208411867,-1.4931291049274864,-3.031645023101198,-3.4679407490982332,-2.681504123653897,-1.605164147588415,-3.4089006180735653,0.712080178664983,-8.3085765016866,-0.06159432519979752,1.7640845716788232,0.23583787674460588,-5.660523456014229,-3.886310111702309,0.21322317145432157,-1.218840584725184,-12.5443519811456,-5.990674582690555,-1.5216396372917713,2.52517683047464,-3.0460017003372872,0.04706387568189463,1.6643890785319135,2.841064553934582,2.0391273758987563,9.590107799336264,-4.972547121055843,-7.755148802197623,-10.02525929229359,-0.5106102738419,-5.072690891198085,-1.3515509751793253,-1.1447705265758827,-13.327850492222,-2.688942070718036,-5.558346527170462,4.542639280607968,-1.25915112206525,1.4852244645874713,-1.17140673449994,-7.651005683843707,-7.32516094937401,-2.3329941930598554,12.77663204936095,-11.015221977092374,2
316,-1.415987336128092,1.7549310166757435,-1.586966532338867,8.3044131436549,4.446147066959207,8.500949864968776,5.727929566004775,13.57860848513535,-1.1061099599647775,9.635254317108744,8.037219178069265,5.40806821851819,1.3704795862542851,-3.3648795511663834,5.415711392182396,-0.8529289152860713,4.976059084657587,3.4091832523647696,1.9301880020139799,2.2293358385263704,3.6414556287463045,9.002540933491296,5.536511058881776,-0.1267864642863333,2.2542211975447177,-4.593917107318455,-0.47293631057990404,7.275609454905875,4.592591631392676,9.314937194937956,5.2363428550021585,2.071561277659555,6.891342103917275,9.162409128046791,4.497345371867296,4.73983397544684,-1.178789237557425,0.9502457078413677,2.6875222978996463,0.8684501076427315,9.26124983227439,-0.07115911348806654,3.1234100213595744,4.86547284332375,-1.1490395774045765,6.191638835536632,3.8823704877281933,10.965593330965568,6.91857568275058,4.656495065394407,7.684301648079824,1.7882147312059138,7.77633546437048,3.445357822183395,-3.6287617934966745,1.0322240142817427,4.66003483452723,2.96967627256749,8.17277922209253,9.973180272748797,9.345691673885133,-0.26360884792672223,9.495818005953435,6.946463979500114,1
541,-0.43912033628661,-5.37174544288061,-0.8261274001266159,3.63581169734199,-1.4097875637575632,-1.024718914360437,5.249027619929654,-2.225293460939775,1.0918690276161827,-2.8470811288871403,4.49861773175633,-5.406533004400485,-0.39132113690217096,-3.3648795511663834,-3.793810075320014,5.607737602451117,4.296791120607501,-5.00041797055391,-1.9544132209047,-3.4703983100860736,8.462154905589859,-4.216661512346085,-3.7294235718349715,-3.866520612898787,1.82011986292892,3.1713833924437647,-0.47293631057990404,-1.6982924911692452,-1.246610814444684,-4.3140649177245765,-2.847058412595388,3.4522605545030975,-9.837993267613864,1.970274015225728,-5.169376274350521,-0.268767470866074,-6.233040822054335,-2.406355626774435,-0.5513588591506926,-5.579051023153276,3.8326483859614546,-3.6602267443633405,-3.661591335595646,-4.691768913441252,-0.050974357050849996,-2.378829610617757,1.2104357080819275,-5.480075448363653,-6.5703262633245405,-3.322256630799615,-0.44283346474123686,-1.992300730378231,-2.88226598194244,-2.6364722745203784,-2.7680625166531447,-0.39374337554136224,-6.438867111547905,-0.49625835814927716,-2.35642322374483,-2.9658218399137795,-8.510177438618907,-1.5177101825425194,1.1572165596405304,-5.187287716693913,2
1167,-1.415987336128092,1.0023004292524824,4.408979196260825,6.20204469294516,9.716846098195234,4.285248080925704,5.165561115295035,11.31124003442565,2.1859155240511656,12.136219199732333,6.714850727359495,5.57188399316334,7.720212358463222,-3.3648795511663834,-1.51444327629449,1.3485595995198751,-0.2844645475247895,4.90299902700992,2.29900377665911,2.8985463549564705,3.900271403391435,3.3567554852177253,7.744932091741959,9.026980048895487,4.09494485951241,5.644499890245365,4.275480686983907,13.16324100419615,4.985223180682935,-6.00198725252352,-6.009178612500284,7.038794049868498,1.796562729137878,2.6410960122945153,4.798976921157562,3.6574655247371,7.206142923192172,6.695177868590967,-1.4630056636426432,5.534676806357514,8.328881381564615,-4.142738080627892,1.0041484617662584,-0.20442191724404238,4.6685919718856725,8.114270384826883,5.180002037018434,11.386558213589202,7.27620723204085,8.444126614684665,3.6391275315154843,-2.0873104471764186,8.97396701366073,0.6266371508425276,4.830053981148445,-3.420626877739787,5.837666383817485,0.5814306387609897,10.1504107713828,4.055200490329803,10.17332322317537,-0.9595936847409345,-7.99996744232012,8.329095528790349,1
1338,-1.415987336128092,7.075361608665225,0.7711614559792188,8.52129312418505,-4.05332123026571,-2.9682525808685867,5.109809546534925,9.72548846566552,5.470922511679825,7.855467630972217,6.55409915859939,13.18954942196705,8.15044018311124,-3.3648795511663834,2.6818393805004943,1.3880585536798142,-2.7547150704448264,4.70762324262982,4.556669205462805,1.6836566408256,3.1198956190113796,2.56137970083767,9.059791854691063,4.550867671346237,6.198401789534207,5.832165319049055,1.085104902603847,6.322489435436021,2.921430398739071,8.341817175468107,10.790903813867223,9.788042481108395,9.289755825420302,10.680955775243618,4.850225352397454,1.86671395597699,-5.4891704653435704,-3.1761149133528956,-6.413406688223246,1.0223838323907528,-4.00187018719548,-1.283239126467965,-3.0075189647633094,-3.2642396575256365,2.3078404031255597,0.34851881606676943,-6.961471149320013,1.5958066448290504,2.7504556632807198,1.12435443933268,-2.535845846845852,-4.480346669196838,7.15321544490063,-2.661351805805421,1.694678196768385,-0.9966555910585851,7.291914815057369,7.769623735043417,-2.35642322374483,2.11136611115641,-2.2627891543738934,1.5440511374708876,-0.48730201351642477,-3.8221972531535098,1
1347,-1.415987336128092,-5.111785596579754,0.06473426550574626,7.69058114006259,-4.05332123026571,-2.9682525808685867,-1.2935876587100605,-5.48790873957947,2.1062076375206034,-3.9488246479802633,-7.23429804664559,-0.6138477832779599,-3.939121636664395,-3.3648795511663834,-3.793810075320014,-0.3475395831501749,2.215047601514367,-5.00041797055391,-1.9544132209047,-3.4703983100860736,-2.678145594172375,-4.216661512346085,0.42883290907188315,-3.866520612898787,-0.4588380262720426,1.53376811380407,-0.47293631057990404,7.33677745131356,-1.246610814444684,7.164438524679003,-2.711030435602254,-1.8816973346978523,-0.8577463061171585,-3.58577476333471,2.083513368274985,-3.94399802814547,3.083336759748335,3.4598717051471324,-0.13754330497420764,0.21256210524786323,-0.9825821713179002,5.904743031532086,-0.6027296699632825,1.99533315200089,2.8071284190031,0.9102450915701414,1.6718718174692035,-4.32515230079012,3.3047436791582703,6.585163061802097,1.587907904113343,3.354710379747831,7.66250346077817,4.339216104818553,4.78200742582967,1.3562030861931105,6.716202830934909,0.00199812275758345,-2.35642322374483,10.969348269156468,7.195193003626154,-0.1739828506209533,-3.0456992187614045,6.222631975907795,1
1367,-1.415987336128092,7.589607837806126,-1.4940408065362367,5.49928935332596,11.330757425242707,11.08915940797317,3.732805775675825,9.028484694806425,2.455119117906633,7.446797193446453,8.17209538774029,15.02254565110795,8.847457018844015,-3.3648795511663834,5.419452849086714,0.01672270644041518,10.537336109607741,2.5166213572002945,3.6346654346037086,7.4156541269195335,1.3388937335818345,2.652417143162315,5.896428531995827,6.407558042609622,2.2878783547980053,8.725161548189956,1.754103017174302,10.14548566457694,1.320428513309521,5.88648007127568,2.271268580804768,1.6350190463721948,1.2563925027250715,5.124938895133103,3.426221581538356,-7.16528981488211,3.74338758357296,5.539922528971755,-0.8105767343635215,5.475714023341511,-2.54887395805458,1.8501179114620923,-3.0203204731069473,-0.9062576511427703,3.2458366322664607,3.432501935956278,3.5139133640658957,7.690469540636623,5.31845189242163,2.39035161118835,5.827511191084213,-2.128884926958822,9.50121167404153,5.376680287615714,8.62071563909305,-3.5143509901341257,4.379911044198275,0.3415675271787168,6.80765543176358,8.398056482419817,7.1739012168895,5.2260679732036674,-4.66134511212973,11.471340189171134,1
1461,5.793658828652514,5.502100364846829,0.9728750967638226,9.41414919215939,6.182283930742796,9.057352580139922,3.192665614509255,9.54834453363984,5.323492972856733,10.861657032279867,6.791955226573729,-5.406533004400485,0.8928476105065275,6.8745896960045165,3.2995530212850825,1.6632959323293717,2.8029036188799332,4.034051276617021,-1.9544132209047,5.058894019475151,2.5363236529985445,8.452276981995755,-4.65295723834312,8.285751214776393,1.1542886103376175,4.670552139852465,3.936532936591017,8.425345503410359,-0.547141567273765,1.3583604119951698,0.06839678523646206,-2.2660706980881873,8.800945226727988,7.027145176551269,3.0270814203717826,3.45957002395132,5.42074742240639,4.360047744219718,4.583098835571595,1.4232741399790572,8.60098588077888,-6.491335081151746,0.5171988601631631,-0.5385260167410449,5.907363137766564,7.358041550707774,5.392106536232646,9.54866271280339,4.673311731255058,7.296231113898887,2.6075479475273418,0.3197580531828775,9.92607151287496,5.788140364566971,8.415575477926476,-0.6130848790756918,4.98477088303171,0.7131874734565168,9.28251527059701,8.866249654586587,8.44876105572296,1.5284278120371049,1.7305540544579245,8.136200028004591,1
1835,4.096640888917813,0.3572359354743617,-1.1721225972999751,1.95915303538639,-4.05332123026571,0.23437564417730647,2.6926694577362595,-1.6036227919175747,3.813996431761038,8.26999420884021,4.846959069800725,3.7754381643839405,1.7903495321200211,5.507091617618017,3.805766859707512,-1.6646822847089082,1.277904899955607,4.96155319823052,-1.9544132209047,3.12556324829316,3.52882557461205,-0.004690343561660093,-0.9616431258201702,4.086107612147114,0.5092905319511226,4.128054061465971,-0.47293631057990404,-9.493592990931472,-1.246610814444684,-0.1549703591868301,-0.32360167747273644,-0.3285687764747025,-1.5250124884242482,-0.11648881567282032,-4.967491671428758,5.10457386717833,2.429765681241178,2.0713006266399816,1.8193142112848277,1.9232767021304014,8.97598972400588,0.05533414766626125,2.0784134672310044,0.5004762891951701,1.3257003143269002,4.8497120606014485,2.343777046126329,9.436999889363724,2.22331557448206,-1.6597506272663125,4.214041539811315,-2.0880974425769785,-14.098924643898,-2.6865547010048423,3.128608152369055,0.08459396014748659,4.73977472625871,8.517483646244758,-2.35642322374483,8.38458683114691,7.890431565616616,-0.6325539291281065,-4.351413271099505,0.5052182868393797,1
3392,-1.415987336128092,6.016536655748289,1.5313664842290549,6.60496817126811,8.649769576518187,8.848171559248634,5.84348459361798,11.21416351274855,6.259230054054581,9.952476011388624,8.34277420568247,12.30822446905005,4.163196468423514,5.854999185558917,9.899947398130553,2.2405085850685182,10.57968159421659,12.954339502896651,3.2603442525458597,8.666025830031144,3.6217331425529045,6.643095961104475,10.440133568440784,6.013236860551779,5.1771374682546245,6.5158403661321005,-0.47293631057990404,7.881164482519081,4.86814665900588,7.0154922225511696,5.5766273662601815,8.349217528191447,7.911804626928279,8.139630822326657,2.8359003994805,-1.19961099693996,7.051566401515105,8.035601346913918,6.239917814680317,3.4054059505350662,10.821804859887589,6.815796729404265,5.505854043450138,5.915868360104438,5.818182116875282,8.942193863149834,7.076258848674731,9.866148358578775,7.84913071036377,9.8620500930076,9.189856675693038,4.385754036643924,10.6668904919837,6.1715824925017655,9.176394457035174,1.5940873525718822,8.165589862140429,8.05996544879313,8.86333424970574,10.43706863369533,8.429580034831687,6.67424679114583,9.346373033566636,10.442019007113318,1
3450,-1.415987336128092,2.6784504967127374,-8.19226329881994,-7.03478930218246,-3.0014673127479248,-2.9682525808685867,-5.58627287983259,-1.9828130844253198,-7.823326971029582,-9.337281462061947,2.33357848478524,-5.406533004400485,-3.939121636664395,6.037901325110317,-3.793810075320014,-0.29414247971407165,-4.12340921256733,-5.00041797055391,-1.9544132209047,-3.4703983100860736,-2.678145594172375,-0.32888063606940854,-4.65295723834312,-0.6846666953809999,-2.7901806368333024,-4.593917107318455,-0.47293631057990404,-1.9958121146548105,-1.246610814444684,-6.582411333381607,-6.009178612500284,-6.845539945259111,-8.007806016762746,-7.603272733606116,-4.4994076719273846,-6.35380671783716,-5.9568006337971084,-7.035265688398308,-4.709390256727555,-7.764164272064384,-12.905171737286299,-5.96025290901072,-8.122839584799634,-7.1127767628354714,-3.5845341882063937,-4.7847827340240485,-5.479790789740277,-11.210275781538483,-7.297845886810083,-7.346316942304635,-9.949713546906398,-0.9094660143617112,-14.5128669814669,-2.326494701361008,-6.100582140138676,-6.528116916544697,-17.93916761131015,-6.823125357990757,-2.35642322374483,-5.1475015889041424,-2.6549901877677873,-3.2052298060280657,-2.6856035636072497,-5.5299575900605875,2
3588,-1.415987336128092,-6.852366798054232,-0.9114631762636272,-7.03478930218246,-4.05332123026571,-2.9682525808685867,-5.58627287983259,-14.070593960702015,-8.185039260262087,-9.337281462061947,-5.04612924812007,-5.406533004400485,-3.939121636664395,-3.3648795511663834,-3.793810075320014,-0.27209371746649164,0.6604934671980333,-5.00041797055391,-1.9544132209047,-3.4703983100860736,-2.678145594172375,-4.216661512346085,-4.65295723834312,-3.866520612898787,-2.7901806368333024,-4.593917107318455,-0.47293631057990404,-9.493592990931472,-1.246610814444684,-7.36093191756606,-2.7228370046410584,-3.72511293543509,-5.611041927731179,-7.566223971358537,-7.406490642533191,0.372339568905574,-7.502764062111423,-7.453729116712623,-3.9024732273333718,-4.181830836600796,-1.7020985939149447,-5.030058064280937,-8.869951935310313,-0.06920589762769831,-14.161006010143268,-8.145327597202032,-4.922929278343816,-11.210275781538483,-11.794772743438715,-5.491853360794927,-8.456282791208174,-5.530971581635613,-14.5128669814669,-8.378000268634908,-6.743363016415355,4.493476811011121,-4.748313591662111,-6.823125357990757,-2.35642322374483,-8.836022173088596,-8.510177438618907,-3.379656662656702,-0.23753042023587945,-10.934811456513243,2
4337,8.505473029640337,9.671572881399493,2.990388219619781,3.7600043969193,4.808139135502716,1.8216098851992566,2.463520819269175,8.909199738399746,8.276762657140658,7.4941789037064765,7.61781043133365,4.58586384515039,5.195672062437364,-3.3648795511663834,2.4530661441410357,-0.18946726449735163,-4.12340921256733,3.40197887899697,2.1003804781970614,1.9127974893150999,1.2342512553785046,3.138132186755675,4.43023856105804,4.751606419536306,0.13971621271757995,4.71587659178331,-0.47293631057990404,5.416200708170275,-0.35921396489380253,7.750528448202377,5.164656346781141,6.26555532906718,6.864334814970942,7.373000381311178,2.6549366251316964,3.17542522871124,5.471602627166312,7.845637572565117,4.494954040331512,3.1863098930026315,7.13184108553879,2.4441662883887934,4.4298830239710965,3.742987106114916,5.18321834252648,6.538896755467692,6.20462840765924,8.321184584229973,2.74416693601498,6.962086318658807,1.6524272848272663,4.359351340680491,7.66192671763488,7.395864610695729,6.16643068268639,1.2258185907642503,7.685626087791626,6.948335007777657,6.18837047535693,4.862104859346503,7.2879495938161964,3.9692830167970214,5.8564092592178305,3.82205523276451,1
4647,-1.415987336128092,-9.101644995481623,-3.981706026511695,-7.03478930218246,-4.05332123026571,-2.9682525808685867,-5.58627287983259,-14.070593960702015,-13.282291014274392,-9.337281462061947,-13.7363316233268,-5.406533004400485,-3.939121636664395,-3.3648795511663834,-3.793810075320014,0.6044380323956883,-3.8829747829397867,-5.00041797055391,-1.9544132209047,-3.4703983100860736,-2.678145594172375,-4.216661512346085,-1.0091894753822401,-3.866520612898787,-2.7901806368333024,-4.593917107318455,-0.47293631057990404,-9.493592990931472,-1.246610814444684,-7.36093191756606,-5.306917954723756,-6.845539945259111,-6.004225504652985,-7.604692221496355,-5.304553785087429,-5.34806518150788,-1.8725394274941296,-10.083830304315974,-5.619318343217193,-5.435366545140851,-14.792952613563,-4.58642521812455,-8.217691277533785,-4.339367797793084,-13.191140926947753,-12.919013062153612,-7.783064195148303,-11.210275781538483,-11.639975118645445,-7.317381558222312,-7.632582486649554,-4.259228463442494,-8.38156369258425,-7.910915232979688,-5.95771137197405,-5.806942779009389,-17.93916761131015,-6.823125357990757,-2.35642322374483,-8.836022173088596,-8.510177438618907,-7.200184860084095,-9.32773279544261,-8.272086821895957,2
4750,-0.8651685139095168,-0.318549642706378,5.92449458682101,-1.63356106885459,-4.05332123026571,-2.9682525808685867,-0.690658763168656,4.635634272625864,6.13555373794415,-0.23646263984337987,-4.01636915110417,-5.406533004400485,-3.939121636664395,6.385734565497567,-3.793810075320014,-1.8289203194559047,-4.12340921256733,-5.00041797055391,-1.9544132209047,-3.4703983100860736,-2.678145594172375,-4.216661512346085,-4.65295723834312,-3.866520612898787,-0.6198735785013351,-4.593917107318455,-0.47293631057990404,-2.7529788742675554,-1.246610814444684,5.976962982428476,-1.712932965834704,-6.845539945259111,-5.72778856205922,-5.056179201126638,2.9953711593578003,-0.508140237062655,-3.7400769552715176,-0.5082349515407429,-0.6908570721079581,0.13292926041509334,-2.6223384968990597,-1.8098085884943966,0.8945393580208467,4.604847826650571,-4.29075653435672,-9.71382086585811,-8.449755880333226,-0.5761236259865464,-15.33562676308675,-9.394593263779035,-2.7959533477602663,1.3107393698911776,-11.951638748139,-7.92235452663037,-6.452748899751455,0.02490357469368254,5.80706062201773,-0.5760492802148036,-2.35642322374483,-4.058946095312639,-6.956434694176282,-5.745203623972787,-3.6877703232199948,-10.817124349673325,2
4983,-1.415987336128092,6.091838031546187,8.952908106023736,-7.03478930218246,-4.05332123026571,-2.9682525808685867,-5.58627287983259,-14.070593960702015,2.7016699205809656,-9.337281462061947,-8.086110701602475,-5.406533004400485,-3.939121636664395,-3.3648795511663834,-3.793810075320014,1.7779186468785682,1.7705058315431,-5.00041797055391,-1.9544132209047,-3.4703983100860736,-2.678145594172375,-4.216661512346085,-4.65295723834312,-3.866520612898787,-2.7901806368333024,-4.593917107318455,-0.47293631057990404,-9.493592990931472,-1.246610814444684,-7.36093191756606,-0.8608295860340242,5.730332620906539,3.666212631885113,1.0374125817084083,2.083539031894942,9.02237666194076,2.9276814942301974,2.9271527227117895,2.333207420628518,6.023478565305349,12.9537925187683,5.9105360108412235,9.837444170554722,7.4771579660526415,8.980169775755988,1.0735998112534433,1.73099813011168,-6.746360737428041,-0.9247541969211,4.388601468805501,2.4126384350747663,5.6854959169399715,11.8688781508644,8.431573677416567,-2.62249045024973,6.053495357528718,8.64257752102114,-6.823125357990757,-2.35642322374483,-8.836022173088596,-8.510177438618907,6.66829816694372,0.8824881262817152,7.631070382911208,1
5030,-1.415987336128092,5.501185114875585,6.892211661575097,5.43108527458802,4.5405951542479395,-2.9682525808685867,1.0596016969378885,8.215280616068505,7.415735447042505,7.8752597813751875,7.878891309002375,8.274341572370014,-2.456184348279155,5.493057737218867,-0.07746024461182408,1.1526284616916351,7.112465364203163,11.29045660621656,0.74146135586578,0.9101847410942461,3.289791694212864,5.334213064424395,0.64900095391369,4.98602063053836,2.6892252957445573,6.156957469452025,-0.47293631057990404,5.212281585838991,0.411326473940551,9.911609325871074,10.3786959642702,6.88533463151138,8.696214642489947,8.640747925646565,5.64801750280041,6.21650610637996,6.930183504835037,8.561718450233828,5.72803491800023,5.292898194931484,9.777921963207495,8.195247166057507,8.122747726106079,6.114810548070254,6.550965886861866,6.776644299803082,4.03570928532796,9.895598795232006,9.040247813683695,9.33566719632752,8.434307112346273,6.160123396158154,11.2130075953036,9.388219648697497,8.91251156035508,5.881539175876731,10.51170696546035,10.706082552113067,-2.35642322374483,8.863185737015227,10.692363804818259,6.2313952502731205,7.83749013688655,9.13063611043322,1
5098,-1.415987336128092,-0.5007236696682017,3.1435089580617306,-7.03478930218246,-4.05332123026571,-2.9682525808685867,-5.58627287983259,-14.070593960702015,-1.3880543338857885,-9.337281462061947,-14.7369832677681,-5.406533004400485,-3.939121636664395,-3.3648795511663834,-3.793810075320014,-2.9793322656460117,-4.12340921256733,-5.00041797055391,-1.9544132209047,-3.4703983100860736,-2.678145594172375,-4.216661512346085,-2.5546251725501965,-3.866520612898787,-2.7901806368333024,-4.593917107318455,-0.47293631057990404,-9.493592990931472,-1.246610814444684,-7.36093191756606,-2.1741793730245242,2.159458153430265,1.1670041973053134,-2.2942952191011847,-2.4198601160670585,1.65562772698825,-0.29569297324606714,-3.79040897850258,-1.2348419403429887,1.9023126086703448,5.72704358381578,1.8160367208728736,4.315045783116954,2.9191086050811217,1.6900875074701533,-6.230899478714883,1.5198321734766769,-11.210275781538483,-2.670630565708025,0.1635397675911252,-1.682402699068147,2.5487822398242392,4.97212921591189,2.5896101524504864,1.8991350822740152,3.0201208900524676,0.6458285860686306,-6.823125357990757,-2.35642322374483,-8.836022173088596,-8.510177438618907,2.8032364657293356,4.701611757494835,2.558508681696815,2
5130,-1.415987336128092,4.737224619684371,3.4668683500680446,3.22940613520419,3.244207540454273,2.785942856518062,0.9629225575540579,7.97860147668464,6.177224221597053,7.84358064199136,6.61221216961853,13.937662432986151,5.57402494137558,5.792218167526917,8.266385362066622,0.8868005610259052,3.6327210790237565,10.20377746683275,2.804782216481949,2.209065314838361,2.393952124520954,2.26043620634724,5.117904865710197,4.087674824487864,2.885465941206685,6.665278330068195,0.994161408113422,6.555602446455159,1.680486904248641,7.869930186487267,7.009016824886372,9.416155492127515,10.262868836439457,9.17906878626274,4.894338363416585,6.01482696699613,7.6785043654511895,8.467539310849983,5.2023557786164,6.742478008240042,10.82624282382368,7.176901360007011,7.698243502076336,6.265467236563176,6.949286747478037,9.191631827085923,6.487363479277463,8.563919655848197,8.21356867429986,10.526488056943695,8.854294639629119,6.786066868026838,11.5313284559198,10.318208957797058,9.92083242097127,4.695419749620844,9.56502782607651,6.5163382669336665,-1.37222778635818,7.13150659763139,7.004017998767754,7.166184755081922,9.76081099750273,11.721456971049417,1
5267,-1.415987336128092,0.27620377589233613,5.887575479959825,3.97029004756893,-4.05332123026571,-2.9682525808685867,-4.918733204956896,-2.7430542858263047,3.144511807750182,2.8411312210227635,2.338096081983268,-5.406533004400485,-3.8603517992265477,-3.3648795511663834,-3.793810075320014,-0.904303280648063,-4.12340921256733,-5.00041797055391,-1.9544132209047,-3.4703983100860736,2.3643940807033195,1.8508781625296051,0.055402544907339944,-2.388160829648323,-0.868910799395455,-4.593917107318455,-0.47293631057990404,-1.7760533160557954,2.480928860431011,-2.2292388009822632,-1.39616274255,3.9319997296165896,-1.1421202594048365,-0.19758697624820845,0.8512222757813255,5.53571087936087,1.38184860294025,4.3271533857768905,0.5032079510805841,4.650701376918756,9.9821267361884,3.9794254891212866,6.577095674540525,3.377158496504695,5.5868373265094435,2.6991824061173215,3.2665542750584096,-4.591915998288003,7.8294525866646,4.271102131870587,4.365998660368625,6.113115469751457,8.89221236828451,5.196812404145218,0.18417665846032505,4.475162466238776,5.98091173844125,-6.823125357990757,-2.35642322374483,6.675723843329465,-8.510177438618907,5.870798830008798,5.936694909867455,4.83607104597628,1
5386,-1.415987336128092,1.2067690711081074,4.554299057836024,-1.03880548008583,-0.5779932895668365,-0.20625797350304342,-5.58627287983259,-2.767602049653685,4.698833767836038,-9.337281462061947,6.06400055432851,-5.406533004400485,-3.939121636664395,-3.3648795511663834,-3.793810075320014,-0.9840017898663166,-4.12340921256733,-5.00041797055391,-1.9544132209047,-3.4703983100860736,-2.678145594172375,-4.216661512346085,-4.65295723834312,-3.866520612898787,-2.7901806368333024,-4.593917107318455,-0.47293631057990404,6.502390831165135,-1.246610814444684,-7.36093191756606,-4.015981848080952,-1.14654398973496,-4.042665326914988,-1.9721347400755918,0.20892998370722998,3.08661535170611,5.632792750161175,-0.18866421548834245,0.26894739890705016,-2.0263596118671914,-1.84996070251468,-1.3633048626485536,4.646835122366982,0.5905044154925136,-2.1809194751775505,-2.908574395569643,-1.8715040174103104,-6.111614507506277,5.3853570590098405,-0.4582195138704874,0.40975777995744994,-1.6929368063507904,1.44311684062974,0.06574879236420779,-6.743363016415355,-0.20271863092195244,6.22181621078649,-6.823125357990757,-2.35642322374483,-8.836022173088596,-8.510177438618907,-0.09251877125643704,5.12759938221269,0.38924940023519516,2
5557,-1.415987336128092,-5.627397533556265,-0.580512117890845,-7.03478930218246,-4.05332123026571,-2.9682525808685867,-5.58627287983259,-14.070593960702015,-10.3572344174173,-9.337281462061947,-14.7369832677681,-5.406533004400485,-3.939121636664395,-3.3648795511663834,-3.793810075320014,-5.514898685037185,-4.12340921256733,-5.00041797055391,-1.9544132209047,-3.4703983100860736,-2.678145594172375,-4.216661512346085,-4.65295723834312,-3.866520612898787,-2.7901806368333024,-4.593917107318455,-0.47293631057990404,-9.493592990931472,-1.246610814444684,-7.36093191756606,-1.476519985183464,-5.2697166611130974,-1.608562222085843,-4.3851467494985386,-4.859222564702831,-11.1060753338065,-6.869867787789432,0.18499044175537493,0.7601362231801879,-5.62492047738748,-1.406306045270965,4.041568013676417,-4.0072933079935,0.8874281412874879,-2.579379932185924,-10.114799231439378,-7.37240091258116,-11.210275781538483,-3.50898019479473,-6.19773752800491,-5.923803085562835,-1.531703262511037,-11.9395738448828,-6.10920239759377,-6.743363016415355,4.212602692988432,-6.1058744747261,-6.823125357990757,-2.35642322374483,-8.836022173088596,-8.510177438618907,-4.673864114012715,-0.5917378715918997,-9.869415182191252,2
5720,-1.415987336128092,-6.337222378975741,-7.071689248860055,-7.03478930218246,-4.05332123026571,-2.9682525808685867,-5.58627287983259,-14.070593960702015,-11.937952608815007,-9.337281462061947,-9.61598482904158,-5.406533004400485,-3.378622417301128,-3.3648795511663834,-3.793810075320014,1.4313358952525015,-4.12340921256733,-5.00041797055391,-1.9544132209047,-3.4703983100860736,-2.678145594172375,-4.216661512346085,-4.65295723834312,-3.866520612898787,-2.7901806368333024,-4.593917107318455,-0.47293631057990404,-9.493592990931472,-1.246610814444684,-7.36093191756606,-2.288779237009662,-6.845539945259111,-5.230660975129508,-6.901127691972875,-3.892259572007613,-4.03737159293744,-6.065191852572177,-11.376156907173375,-4.604641532298404,-5.240019750855634,-9.181954174836456,-1.0792961590775896,-7.4535525598197,-5.933090362364906,-10.683577438273241,-10.762230797391878,-6.59616633229149,-11.210275781538483,-4.24362988563371,-10.22670894171643,-7.765901838606498,-4.574930765119889,-3.4108701040138,-7.49195945211919,-4.837364577688835,-3.3367115828192286,-17.93916761131015,-6.823125357990757,-2.35642322374483,-8.836022173088596,-8.510177438618907,-4.864512243578207,-11.13138756243085,-9.807239246973998,2
6039,6.950206113962916,4.335055965722039,-0.3127719297866891,3.57473748124187,0.11985436420906348,3.217940869222405,1.9032539035917375,8.23393282272233,1.4050697546885322,8.93224532136237,9.2825435156562,3.5132303873116904,6.188023450903844,6.104883840545767,3.1118113514194414,-4.362820802757081,0.3664330485741137,12.43410881287045,-1.9544132209047,-0.8472227156113,2.31161779753979,3.8031018793660802,-4.65295723834312,1.0431639093840988,-0.7679172451211399,4.500846284393715,-0.47293631057990404,8.77093379249284,-1.246610814444684,7.78526153252493,-6.009178612500284,6.899105142309123,7.488279051906407,-1.4370299260784034,4.993669709454268,3.89015831303381,7.611335711488875,6.670370656887671,3.5617817679692196,3.0719207966047644,-4.5681892218508295,4.348899372711355,3.393669491429147,3.061826956708456,3.327951426849047,5.276963173123593,1.4895192308403633,11.295917668552567,0.5789000203375401,1.79693770712529,1.5163715217627487,-3.6314183943532012,-1.19334019804255,-2.0213718265775866,-6.743363016415355,-2.405868280828812,0.16535917211419005,8.913225830958776,-2.35642322374483,8.123504610335731,9.486016011472072,3.8516344052635034,8.35614234354042,5.851788317087063,1
6268,6.711918270104566,6.684684788530379,0.9702553638983081,2.2531163040502,-4.05332123026571,-2.9682525808685867,9.321632726400079,-1.1016411575856746,3.8069822523119257,-3.661312926651064,9.080922338464536,-5.406533004400485,-0.020168833548069226,-2.6909267480500563,-3.793810075320014,2.8519092090007896,-4.12340921256733,-5.00041797055391,-1.9544132209047,-3.4703983100860736,-2.678145594172375,1.5472912907702399,10.13828170122285,-3.866520612898787,4.558248567841183,-4.593917107318455,-0.47293631057990404,-1.5646401878151401,-0.9526580113283595,2.6210051532557097,5.357145872485842,-5.073563543700947,-4.855358065536313,-3.2011738480075755,-0.9315325889839526,2.83853713584213,-2.52673826881912,-7.147179724978482,-1.1835151737841287,-4.342065386465847,-12.893999810446651,1.623944862186356,-6.664370814063784,-3.378726870853086,-3.3396382857535287,-0.6989598728122969,5.2144069814568,3.8409631580275296,4.892278843145863,4.0607218242315355,-0.6099794592303119,-0.8241401542260204,-10.6649613752342,-3.734025984082458,4.755589786700945,2.8628931955181787,8.918737994922509,0.15881171283100967,-2.35642322374483,5.071883433144066,10.63772816761375,-0.8670814776302431,-4.404431636767603,-0.10930926166277244,2
6725,-1.415987336128092,0.013117039348835957,-2.0184177142003934,-0.298005492780973,0.09120130933528015,-0.9393246444014268,0.6605109295688976,-1.3772020560012548,-1.9421246245297439,7.499502347339527,6.639800541633365,-5.406533004400485,1.2267702680363475,-3.3648795511663834,4.230260210320868,-0.6837351274313616,-3.8678146094335033,2.8579739341468198,1.3789786837960398,4.2207908961815965,-2.678145594172375,2.346730392354655,0.8226373647907165,-3.866520612898787,-0.11428873213255986,4.324474797382285,-0.47293631057990404,3.438190818469996,1.126781090256056,6.95585189183542,0.4575349112603161,-2.008843992908743,2.644862605320458,-9.10732934955699,1.39892673543141,-1.25258466098904,1.746896785115659,4.850127682864827,3.726944150631232,1.201837683352153,-4.12456070886225,-3.069438204445316,-0.9805248877891255,-9.160532351465841,-1.2314582138404624,4.4842201991007515,1.2499518512922998,7.123174694529694,-1.0038429536853002,-2.3368154757422195,-5.6693061946236964,-0.4387676961627797,-14.5128669814669,-0.48436781173349974,0.09002888828536992,-4.448449272169769,-2.467383801908649,7.954730514943577,-2.35642322374483,9.930761636312893,8.656606370782592,-3.962118777604002,-12.863384439883935,1.2223493907138478,1
6814,7.709020641259747,4.905120493018897,-0.007483213408579559,1.13355200853872,6.911686747122133,5.326755396519253,3.827068430888585,11.692747350019154,4.044955507598129,10.351059848659213,8.06135804295306,16.766808306320698,9.271719674056797,6.934291104194217,9.660531235401155,3.199564476582255,8.77493209815386,13.73792334016725,7.18392808981647,8.954609667301753,2.8310250611882095,5.36667979837509,9.065384072378064,4.265154031155727,4.333160673887873,7.414424203402724,-0.47293631057990404,8.039748319789691,1.3975598409159011,7.70407605982178,8.187162698220904,9.582801365462078,7.993681376440655,9.828214659597268,2.3544842367511003,5.59897284033066,7.517650238785738,6.41668518418452,6.566501651950924,2.235932902685479,9.055388697158195,4.937713900008204,0.30272111326662837,3.128783935230802,2.7067659541458866,6.374111033753773,6.048176019278667,10.028065529182706,4.027714547634392,5.878133930278221,6.695107179630305,2.5218853489800677,9.68547432925429,5.666048277798088,6.309978294305806,-2.5682065532763345,5.639173699411041,7.971882619397102,4.13191808697635,9.178985804299257,9.068163872102291,5.162830628416435,6.95995687083724,7.385602844383915,1
7109,-1.415987336128092,-5.93166564402943,2.6100002780352733,-4.66917895483676,-4.05332123026571,-2.9682525808685867,-2.88846770615974,6.4750163866437,-1.3891854636435141,-3.4654113462800566,-4.0941780940952555,-5.406533004400485,-3.939121636664395,-3.3648795511663834,-1.7226880058508762,-4.484126281449958,-3.641539096785433,-5.00041797055391,-1.9544132209047,-3.4703983100860736,0.9446595795004695,-3.5088563386732394,-4.65295723834312,-3.3879838304502194,-1.61127804999688,-4.593917107318455,-0.47293631057990404,-1.7207878172586404,-1.246610814444684,-7.36093191756606,-2.210056543031138,-6.845539945259111,-5.14852142727435,-3.04565481078439,-1.1093687960935177,1.70624187695517,-5.871788485099023,3.707551633972617,-1.0444734503628328,5.343657099872573,-6.690147439890145,-1.9302205124825065,4.091414273097106,3.5214770950612815,3.5207016574370775,2.4380467370449623,3.3935749401212796,6.09866789914057,6.93498358425891,1.2765003800663077,2.0621727671396,1.6069031330416703,6.79274336587881,3.5671916881411474,6.307247330930339,1.5237612983692588,5.18644273603556,2.4806148735730464,-2.35642322374483,-3.2708187239733633,-2.288307322837,1.5761970782045305,-5.635579266211085,-2.122433292664417,2
8064,-1.415987336128092,9.425715002834792,3.2838734924809585,4.9891465183546,3.4172812569380135,0.8977046328227849,2.32766294070447,7.7233418598350445,7.1759905664324135,6.1699876918084335,6.811952552768934,11.402402816136554,0.7228462736041334,4.057088359102142,6.108125745217042,-5.484684457052851,3.7092146677906896,8.02351784998314,2.3345225996323564,6.483537510450984,-2.678145594172375,2.0422743081909727,4.192999975348247,2.507415207638273,-2.0016966816990394,3.8000187132186047,-0.47293631057990404,4.02534282960557,-1.246610814444684,8.536337236304334,6.354757208036784,9.078395875277918,8.138619916167016,8.282142502746483,3.6420787465669933,5.16456735014654,6.058244748601597,7.8722796940004125,4.58209616176681,4.371250964288227,7.485983206974085,4.74997507649075,4.781196721119331,3.714472378976096,5.37902713062844,6.648038876902991,5.420437195761206,8.943660038998607,5.46330905745027,8.648728440094105,6.6073683561128576,5.678738570277133,9.70106883907017,8.840843571925982,8.605572804121671,3.6185800050544494,10.9397682092269,7.402831855700609,0.387512596792227,9.357913647448454,6.0504250485848265,5.179941183098061,4.9005513806531305,8.8186973541998,1
8670,-1.415987336128092,1.5701358574651048,0.7111973402926223,7.00135293137406,5.199487669957467,4.575842241502424,1.4817982369456648,8.445548272854515,5.185976338149931,9.872194104827893,7.724158965788391,4.61653811237779,4.910485038502992,3.9081915656118715,3.580646818102592,5.954765091805805,11.556066354322502,4.38765314622432,7.99172901265181,12.4124105901371,3.2199255226058794,4.514480721210425,7.903184995213397,9.316288287324406,8.375961596723211,5.389154009459816,-0.47293631057990404,10.75754924262505,2.31453141911183,1.77316290480496,4.49250672763363,8.743102288297395,9.039815632609304,9.172682249099287,3.6822851595864554,4.73677376316599,6.785451161621062,6.409486107019852,4.65430257478626,2.3707670050482563,9.08318961999351,5.505514822843544,1.5749618515348947,5.743024673499068,5.897900210314577,8.518578623255781,5.56597694211399,10.289199785351416,6.3355154704697245,9.69093485311355,7.901241435798983,5.02602886529102,10.5832752520896,7.445591925942653,7.73277921714115,2.8277413193268455,8.056974622246376,8.339683542232413,7.46971900981168,-2.433974761903093,6.919298128270936,5.668131551251762,8.14275779367256,10.035903767219235,1
9161,-1.415987336128092,-8.866358508668137,-2.5840184581593433,-2.77734006604589,-2.6375048182201866,-0.6799530901108701,-1.8725482617643001,5.936855275434571,-3.7170821303689943,0.02435136202908635,-7.738258649699829,-5.406533004400485,-2.7872593276302524,5.243845066901917,2.281169619134606,-0.003513318519668296,0.8290738661448737,-5.00041797055391,-1.9544132209047,-3.4703983100860736,0.9605790238959095,2.8370631057222,-3.490474159630932,-1.32737086751993,-2.7901806368333024,-4.593917107318455,-0.47293631057990404,-9.493592990931472,-1.246610814444684,-0.5992990934750168,-4.711688765272964,-6.845539945259111,-9.837993267613864,-3.1497353663889505,1.1175921621665021,0.438080765746047,0.29239585516697475,-3.0579315084683696,-0.23439042263368,-6.380626904847225,4.309496622573579,-5.675661253288593,-0.42399254640106,-3.317419571664204,-5.209942532484252,2.5486440864797433,1.9906172780273819,1.6980237092192534,1.696822473049785,-12.430845071408832,-0.8616013069998184,-2.9994516289050965,4.93458225466968,-0.6182732821706024,-6.743363016415355,-5.098652590568629,-7.870442993241875,-6.823125357990757,-2.35642322374483,-4.643539094376407,2.0914553854721465,-6.146786064236459,-9.054659821815644,-2.4715138482689825,2
9401,-1.415987336128092,-9.290403477635753,-6.264726383681633,-7.03478930218246,-4.05332123026571,-2.9682525808685867,-5.58627287983259,-4.212459280568953,-4.631416991917888,-4.23185834197326,-14.7369832677681,-5.406533004400485,-3.939121636664395,-3.3648795511663834,-3.793810075320014,-0.9972399438098284,-4.12340921256733,-5.00041797055391,-1.9544132209047,-3.4703983100860736,-2.678145594172375,-4.216661512346085,-4.65295723834312,-3.866520612898787,-2.7901806368333024,-4.593917107318455,-0.47293631057990404,-9.493592990931472,-1.246610814444684,-7.36093191756606,-5.163924740447058,-5.9764726051925905,-7.8952817075695165,-7.558036864368536,-5.672841585757194,-6.69309911012443,-4.247556391802407,-11.170088786470124,-6.329331914663814,-5.95121684278245,-14.792952613563,-7.989781170535573,-7.659444191203875,-7.778635241292918,-9.4607291163979,-7.004428930167685,-3.814742171353817,-11.210275781538483,-15.172492082953699,-10.946140040376447,-10.264477677668824,-5.17942434145903,-7.07659762120079,-6.919843119848884,-4.875228336282325,-3.8359091951705406,-17.93916761131015,-6.823125357990757,-2.35642322374483,-8.836022173088596,-7.118087651863541,-6.304876002171697,-9.01711507961784,-10.196171126270743,2
9926,-1.415987336128092,-5.337465057217435,-7.231883391453406,-7.03478930218246,-0.3194840566091434,-2.9682525808685867,5.769482880652255,-2.8048382002171497,-1.3786447594691125,-9.337281462061947,-0.7604717467984248,-5.406533004400485,-0.2887437564219675,-3.3648795511663834,-3.793810075320014,1.0278407764247082,-4.12340921256733,-5.00041797055391,-1.9544132209047,-3.4703983100860736,-2.678145594172375,-4.216661512346085,-4.65295723834312,-3.866520612898787,-2.7901806368333024,-4.593917107318455,0.752819449904947,0.01216276955335438,-1.246610814444684,-0.26042807724283296,-2.864876308306348,-6.080162065016688,-9.837993267613864,-4.949370890639047,-5.316345553000363,-8.66785694942083,-6.730313191693022,-9.178778246294222,-5.1712350503823705,-1.936677175602382,-14.792952613563,-6.229619730066497,-5.239347326922436,-7.683284504958257,-5.810567675928831,-1.8029706761593285,-5.892994784452617,0.23406523244134014,-4.109115242117075,-4.454451619958116,-10.071315544262575,-4.975069438400856,-12.4713554604972,-6.120453622404484,-6.743363016415355,-4.8768733683136904,-7.07341185082528,-6.823125357990757,-2.35642322374483,-8.836022173088596,-5.823006931629006,-7.0072549218198965,-9.982628679399085,-11.634860586094842,2
9953,-1.415987336128092,-9.182478482628998,-8.663300263724022,-7.03478930218246,-4.05332123026571,-2.792262800770873,-5.58627287983259,-14.070593960702015,-12.569160869962982,-9.161291681964233,-10.227998597621545,-5.406533004400485,-3.939121636664395,-3.3648795511663834,-3.793810075320014,-0.5166732838008116,-4.12340921256733,-5.00041797055391,-1.9544132209047,-3.4703983100860736,-2.678145594172375,-4.216661512346085,-1.1269674582454068,-3.866520612898787,-2.7901806368333024,-4.593917107318455,-0.47293631057990404,-9.493592990931472,-1.246610814444684,-7.36093191756606,-6.009178612500284,-6.845539945259111,-7.833331710898343,-8.089136871026179,-3.7018877336769203,-8.36139913009738,-5.924206401788888,-10.22966379146335,-6.2366519226529915,-5.894038629386746,-14.792952613563,-6.435314517184217,-7.094358067251683,-7.472295245287515,-13.822252243144254,-12.922902053585196,-7.884175511344804,-11.210275781538483,-14.4466420929402,-7.930715045369682,-7.8505776843264785,-2.8403672043084423,-2.07489764117374,-8.584538748450601,-6.743363016415355,-5.756048985254737,-17.93916761131015,-6.823125357990757,-2.35642322374483,-8.836022173088596,-8.510177438618907,-5.691526012158172,3.4895849004092097,-8.61824613126398,2
