"type","Date","Array","Primer","Type","Gene","Concat","Good","Plate","X629","X731","X1314","X1700","X2572","X2741","X2858","X2910","X2969","X3544","X3937","X4428","X4678","X5485","X7121","X8239"
"CT","112511","KSHV dream array","ACTIN","human","ACTIN","KSHV dream arrayACTIN","bad","PP1",26.95,25.88,24.83,27.14,25.33,26.75,24.88,24.15,24.74,27.27,25.87,32.84,27.25,26.98,27.27,24.69
"CT","112511","KSHV dream array","ACTIN (2)","human","actin","KSHV dream arrayACTIN (2)","good","PP2",26.74,25.9,24.47,27.31,25.55,26.59,24.99,23.86,24.85,27.19,25.81,32.58,26.84,27.42,27.4,24.71
"CT","112511","KSHV dream array","B2M","human","B2M","KSHV dream arrayB2M","bad","PP1",24.37,22.55,44.3763820081949,24.45,21.55,23.28,22.82,20.99,22.41,24.83,24.32,28.77,24.32,24.74,24.27,22.64
"CT","112511","KSHV dream array","B2M (2)","human","b2m","KSHV dream arrayB2M (2)","good","PP2",24.22,22.39,22.15,23.97,21.72,23.01,22.45,20.96,22.28,24.66,24.22,28.54,23.96,24.1,23.98,22.57
"CT","112511","KSHV dream array","BACT","human","BACT","KSHV dream arrayBACT","bad","PP1",44.0832175510004,23.64,23.21,26.54,23.91,24.86,23.93,22.77,22.85,25.37,23.77,29.68,25.63,25.41,25.43,22.95
"CT","112511","KSHV dream array","BACT (2)","human","bact","KSHV dream arrayBACT (2)","good","PP2",24.43,23.43,22.26,24.34,22.93,23.68,22.94,21.42,22.43,24.89,23.57,44.1375884185545,24.83,44.1560579063371,24.69,22.89
"CT","112511","KSHV dream array","GAPDH (2)","human","GAPDH (2)","KSHV dream arrayGAPDH (2)","bad","PP2",27,25.77,25.66,26.85,23.89,24.72,24.75,24.01,25.3,27.06,26.24,30.8,26.97,26.54,27.7,24.57
"CT","112511","KSHV dream array","HPRT","human","HPRT","KSHV dream arrayHPRT","bad","PP1",32,30.96,30.5,32.01,30.33,30.97,30.57,29.82,30.64,32.93,31.55,44.3534068539739,32.68,32.88,32.86,30.53
"CT","112511","KSHV dream array","HPRT (2)","human","HPRT (2)","KSHV dream arrayHPRT (2)","bad","PP2",32.19,31.27,30.36,32.5,29.94,30.78,30.28,29.72,30.41,32.83,31.05,34.86,32.21,32.55,32.78,30.2
"CT","112511","KSHV dream array","K1 (348)","KSHV","K1","KSHV dream arrayK1 (348)","good","PP1",45.15732593555,38.96,45.1100364718586,45.3254963569343,45.173920402769,44.3607196956873,44.0580956190825,45.7714537740685,45.708504055161,44.4521363805979,44.1421352606267,44.4066149909049,45.0461770873517,45.2600927622989,45.7171062845737,44.9210139168426
"CT","112511","KSHV dream array","K1 (622)","KSHV","K1","KSHV dream arrayK1 (622)","good","PP1",44.9248864161782,45.1573306634091,44.6426813569851,45.0758981290273,44.5446241041645,44.9363608490676,44.8390107629821,45.9641258620285,45.9786656456999,44.8148634438403,45.3687286153436,45.7038330766372,44.0398824783042,45.2752129589207,45.8066662559286,44.9810527339578
"CT","112511","KSHV dream array","K14 (128145)","KSHV","K14","KSHV dream arrayK14 (128145)","good","PP2",44.3875257265754,44.1839542374946,44.8622940909117,44.5783024742268,45.0119592533447,44.3462983290665,44.9488778007217,44.2564216027968,44.784677717369,44.6454737000167,45.2965986942872,44.5057793091983,44.2625087713823,44.3532614880241,44.0684468429536,44.9375660084188
"CT","112511","KSHV dream array","K14 (128651)","KSHV","K14","KSHV dream arrayK14 (128651)","good","PP2",45.9475046298467,45.3100427552126,45.5760045833886,45.3465746589936,45.3055952135473,45.9006388504058,45.1678711548448,45.977194132749,45.5054806726985,44.3513146420009,44.2510832827538,45.0065355310217,44.4439663724042,45.2388854231685,44.3106359997764,36.01
"CT","112511","KSHV dream array","K14 or ORF74 (129773)","KSHV","K14 or ORF74","KSHV dream arrayK14 or ORF74 (129773)","good","PP2",44.8498479244299,45.5898261945695,33.22,44.4181535397656,45.1268014521338,44.544439535588,35.54,44.3955398919061,34.95,34.56,45.3382813213393,44.2006747117266,44.1368162343279,44.4542934740894,45.2649369467981,34.99
"CT","112511","KSHV dream array","K14 or ORF74 (129945)","KSHV","K14 or ORF74","KSHV dream arrayK14 or ORF74 (129945)","good","PP2",45.4443126744591,45.3619733499363,34.11,45.6578859686852,45.9948932095431,44.620193393901,44.0502172224224,45.0867671701126,36.38,35.82,35.12,44.0810040142387,45.2729744361714,44.0902345734648,44.3771153967828,34.13
"CT","112511","KSHV dream array","K14 or ORF74 (130126)","KSHV","K14 or ORF74","KSHV dream arrayK14 or ORF74 (130126)","good","PP2",44.1640148516744,44.8931983131915,35.71,54.1102377370931,44.695830468554,52.0669514252618,44.0830368297175,45.924847018905,44.0278255208395,45.1841780678369,44.1040998622775,44.7461054227315,36.06,45.8759793029167,44.169843621552,44.1152461091988
"CT","112511","KSHV dream array","K15 (130749)","KSHV","K15","KSHV dream arrayK15 (130749)","good","PP2",31.89,30.89,29.55,34.95,32.25,31.99,32.29,31.02,30.27,29.97,31.57,45.9813827155158,31.58,31.22,44.6771889217198,29.35
"CT","112511","KSHV dream array","K15 (131458)","KSHV","K15","KSHV dream arrayK15 (131458)","good","PP2",32.68,33.07,29.43,35.19,34.53,32.59,31.83,30.65,30.34,29.86,32.87,44.7377535812557,32.19,31.24,35.14,30.57
"CT","112511","KSHV dream array","K2 or Orf2 (17821)","KSHV","K2 or Orf2","KSHV dream arrayK2 or Orf2 (17821)","good","PP1",36.47,33.69,34.31,40.55,44.5664921705611,36.44,35.52,32.53,31.54,32,33.68,44.4037857856601,34.99,32.98,36.98,32.41
"CT","112511","KSHV dream array","K3 (18883)","KSHV","K3","KSHV dream arrayK3 (18883)","good","PP1",36.18,45.2984597282484,45.2806690242141,44.7429984211922,45.6158367292956,37.09,37.29,36.09,36.04,44.2621653266251,44.1983079067431,45.490910416469,45.651172817219,45.022014844697,44.1333138113841,35.83
"CT","112511","KSHV dream array","K3 (19081)","KSHV","K3","KSHV dream arrayK3 (19081)","good","PP1",44.7840336975642,44.7100794650614,44.2105650799349,45.731072477065,44.7089292681776,36.04,36.77,45.605327618774,44.1732097808272,36.31,45.1439227629453,44.5225760373287,44.5074129998684,37.93,45.367661097087,44.1215463075787
"CT","112511","KSHV dream array","K3 (19577)","KSHV","K3","KSHV dream arrayK3 (19577)","good","PP1",44.5091514983214,45.5310163712129,45.610018061474,45.5958543093875,45.856342708692,44.8440034515224,45.5937925181352,45.213398934342,45.4325870526955,38.68,44.7688367590308,45.6094773425721,45.7911309991032,36.65,45.6336883753538,50.7118462306075
"CT","112511","KSHV dream array","K4 (21778)","KSHV","K4","KSHV dream arrayK4 (21778)","good","PP1",34.76,45.4160145297647,45.8755251830444,44.1266027437523,45.4807900073938,39.17,36.48,45.1173045192845,44.9067580485716,35.55,45.1504608807154,45.0851756636985,44.3747555473819,35.82,44.4958538776264,44.9178300416097
"CT","112511","KSHV dream array","K5 (26200,2)","KSHV","K5","KSHV dream arrayK5 (26200,2)","good","PP2",36.96,33.94,28.24,35.13,46.8279746701196,33.84,31.88,33.49,35.47,34.42,46.8614992841706,46.9897960490733,34.61,33.28,46.9159710823745,32.58
"CT","112511","KSHV dream array","K5 (26200)","KSHV","K5","KSHV dream arrayK5 (26200)","good","PP1",44.8258672030643,35.25,30.51,43.14,37.6,38.55,35.7,34.64,34.66,33.57,36.67,45.2146809017286,35.4,36.82,45.8491199123673,34.9
"CT","112511","KSHV dream array","K7 (28624)","KSHV","K7","KSHV dream arrayK7 (28624)","good","PP1",33.7,44.1050762441009,31.03,39.93,44.809380848892,44.8469339148141,45.6742830905132,45.4769359896891,35.19,34,34.91,45.3612550962716,44.7786234589294,34.29,44.1069918591529,44.595601038076
"CT","112511","KSHV dream array","K7 (28694)","KSHV","K7","KSHV dream arrayK7 (28694)","good","PP1",32.03,34.93,27.97,32.09,32.5,31.29,31.33,31.99,32.85,29.38,45.654732442461,45.0149399796501,32.67,29.05,35.91,28.53
"CT","112511","KSHV dream array","Orf 10 or 4,6,7,8,9 (15008)","KSHV","Orf 10 or 4,6,7,8,9","KSHV dream arrayOrf 10 or 4,6,7,8,9 (15008)","good","PP1",45.4817841621116,44.2007855493575,45.6938814246096,44.749607140664,36.54,37.88,38.56,45.1855816049501,44.4762708535418,35.31,45.9603870417923,44.4775858838111,37.92,45.8260021051392,44.4625969212502,43.5
"CT","112511","KSHV dream array","Orf 10 or 4,6,7,8,9 (15244)","KSHV","Orf 10 or 4,6,7,8,9","KSHV dream arrayOrf 10 or 4,6,7,8,9 (15244)","good","PP1",44.8129932638258,44.1755213350989,44.0461011324078,45.3450411483645,45.0494703142904,44.8762801303528,36.02,36.64,34.33,36.92,45.4699387573637,45.6834956845269,44.4343784642406,45.1358200507239,45.1046832930297,44.2935165897943
"CT","112511","KSHV dream array","Orf 10 or 4,6,7,8,9 (15288)","KSHV","Orf 10 or 4,6,7,8,9","KSHV dream arrayOrf 10 or 4,6,7,8,9 (15288)","good","PP1",53.5457653732412,45.6946736113168,35.06,45.0114256925881,45.8245446318761,44.4065045770258,44.3711981377564,45.473061805591,45.8263338292018,36.81,44.5054423077963,45.0275867283344,45.3520247330889,45.4076808388345,45.4849574388936,44.2970219417475
"CT","112511","KSHV dream array","Orf 11 or 10,9,8,7,6,4 (16677)","KSHV","Orf 11 or 10,9,8,7,6,4","KSHV dream arrayOrf 11 or 10,9,8,7,6,4 (16677)","good","PP1",35.21,44.1340515245683,32.95,35.79,45.9506193445995,34.8,34.98,32.03,33.32,32.64,44.1965452884324,45.8847555713728,50.1138510007039,34.68,45.8573524160311,34.49
"CT","112511","KSHV dream array","Orf 22 or 21 (38336)","KSHV","Orf 22 or 21","KSHV dream arrayOrf 22 or 21 (38336)","good","PP1",43.02,45.1106735905632,37.76,45.317787298467,45.8987953192554,45.3634770908393,44.6539856116287,44.7023956310004,44.1125367763452,38.72,45.9171289755031,44.913929910399,45.3104295902885,44.3541719592176,44.1597133227624,44.216228319332
"CT","112511","KSHV dream array","Orf 22 or 21 (38857)","KSHV","Orf 22 or 21","KSHV dream arrayOrf 22 or 21 (38857)","good","PP1",37.59,45.3550718608312,45.4510353114456,45.7515678391792,44.9902923610061,44.0621703141369,45.4987245458178,44.4852456161752,44.9187492239289,36.16,45.0251091155224,45.4832275779918,44.4728049198166,45.6407754593529,45.1497537754476,44.9563149078749
"CT","112511","KSHV dream array","Orf 34 or Orf35 (55680,2)","KSHV","Orf 34 or Orf35","KSHV dream arrayOrf 34 or Orf35 (55680,2)","good","PP2",45.3520565400831,44.9258036403917,45.2892748601735,45.78391523147,45.4546055127867,35.22,45.2157403635792,45.7444042083807,44.7164752245881,45.2586835199036,45.4499108535238,44.1917659514584,44.6535256491043,45.0842487411574,44.229011239484,32.95
"CT","112511","KSHV dream array","Orf 34 or Orf35 (55680)","KSHV","Orf 34 or Orf35","KSHV dream arrayOrf 34 or Orf35 (55680)","good","PP1",44.6488914797083,44.8023739531636,34.24,44.0886950204149,45.3087379904464,36.03,35.18,47.2508784299158,45.5158165185712,35.78,44.1387987728231,45.027418134734,44.3691587601788,45.6872671600431,44.3531283936463,34.41
"CT","112511","KSHV dream array","Orf 36 or Orf34 or 35 (56709,2)","KSHV","Orf 36 or Orf34 or 35","KSHV dream arrayOrf 36 or Orf34 or 35 (56709,2)","good","PP2",45.5757184275426,54.0120598250441,45.9815817414783,44.2031798581593,44.2565302085131,41.95,48.7589700447582,41.23,44.09148298949,45.2171121239662,37.26,44.6273556747474,45.326888005808,44.1369974534027,44.35719605349,37.94
"CT","112511","KSHV dream array","Orf 36 or Orf34 or 35 (56709)","KSHV","Orf 36 or Orf34 or 35","KSHV dream arrayOrf 36 or Orf34 or 35 (56709)","good","PP1",44.0818089605309,56.9066394406185,40.14,40.46,45.3193830973469,45.7037697187625,41.12,48.611468723882,44.9360099793412,45.995965492446,38.71,47.7808022862859,44.2393543915823,45.2963252956979,44.5592490318231,33.9
"CT","112511","KSHV dream array","ORF16 (30265)","KSHV","ORF16","KSHV dream arrayORF16 (30265)","good","PP1",45.8500460479409,44.6474942718633,45.468867637217,45.6772352010012,44.9526190571487,45.6323873451911,45.5665268478915,45.2127097873017,45.7288559293374,44.9124444313347,44.2141839312389,44.7848629206419,45.638825268019,45.6320164343342,44.3529638042673,44.5229977248237
"CT","112511","KSHV dream array","ORF16 (30403)","KSHV","ORF16","KSHV dream arrayORF16 (30403)","good","PP1",44.4851810345426,44.506835039705,45.9566627899185,44.2809556224383,44.7995662176982,44.7275837971829,36.01,44.1983681512065,44.3533455068246,45.5031709349714,44.3466478041373,45.0234425943345,45.4007729943842,45.929994944483,44.7882735361345,45.9400282436982
"CT","112511","KSHV dream array","ORF17 (31829)","KSHV","ORF17","KSHV dream arrayORF17 (31829)","good","PP1",44.2047322769649,45.5337374750525,44.7090860670432,45.6275762538426,44.5485249967314,44.5996400043368,44.8690268239006,44.186223004479,44.422975555528,44.3124056700617,44.1942758481018,44.0807530595921,39.82,35.49,44.3892565262504,45.9666911512613
"CT","112511","KSHV dream array","ORF17 (32510)","KSHV","ORF17","KSHV dream arrayORF17 (32510)","good","PP1",35.18,45.021065197885,45.3988073370419,44.4457179484889,45.9316072179936,44.75,45.1351369558834,45.9161888645031,44.2728181546554,45.06322436966,48.1103037024476,45.3225891720504,44.0960807641968,44.9461451098323,45.2637645946816,33.93
"CT","112511","KSHV dream array","ORF17 or Orf17.5 (31509)","KSHV","ORF17 or Orf17.5","KSHV dream arrayORF17 or Orf17.5 (31509)","good","PP1",45.8485488048755,45.9109892747365,38.93,44.4612874104641,44.3972261045128,37.46,39.63,45.6337290564552,45.4591833078302,38.57,45.0377945015207,45.128715516068,45.2937768115662,38.81,45.7385832155123,34.93
"CT","112511","KSHV dream array","ORF18 (32935)","KSHV","ORF18 ","KSHV dream arrayORF18 (32935)","good","PP1",45.5769348768517,44.3146865512244,32.95,44.2513556894846,45.5140922260471,45.2470697765239,45.3974602660164,44.0326568046585,44.3426725277677,36.87,44.9844651459716,44.9699555477127,45.4533099546097,38.17,44.2517845355906,33.7
"CT","112511","KSHV dream array","Orf18 or 20 or 19 (33405)","KSHV","Orf18 or 20 or 19","KSHV dream arrayOrf18 or 20 or 19 (33405)","good","PP1",44.6988927163184,45.3123786603101,45.8239162554964,44.4063846948557,44.402186056599,45.4916915385984,45.1379712051712,44.0870824865997,44.7618275224231,44.4665089668706,45.5577133437619,44.2805428113788,45.1794752795249,44.9378191977739,44.7378867696971,45.8728975080885
"CT","112511","KSHV dream array","Orf20 or Orf19 (34089)","KSHV","Orf20 or Orf19","KSHV dream arrayOrf20 or Orf19 (34089)","good","PP1",38.84,38.26,33.96,39.94,48.3129426840134,40.78,38.72,43.83,47.5245543933846,44.75,42.96,37.63,43.71,37.07,38.88,34.98
"CT","112511","KSHV dream array","Orf20 or Orf19 (34848)","KSHV","Orf20 or Orf19","KSHV dream arrayOrf20 or Orf19 (34848)","good","PP1",45.4746440793388,44.170489704702,45.5967201078311,44.2974498933181,44.2385786995292,45.2387691708282,45.6650664033368,45.867990035098,45.1977685787715,45.5206289878115,45.4970677187666,44.0001565604471,45.9078260650858,44.2695954074152,44.9401246788912,35.32
"CT","112511","KSHV dream array","Orf20 or Orf19 (35199)","KSHV","Orf20 or Orf19","KSHV dream arrayOrf20 or Orf19 (35199)","good","PP1",44.2365218074992,44.9314479902387,45.8752052607015,44.9016271191649,44.0888115819544,45.0193577972241,44.2411741763353,44.8807952459902,45.7859044047073,44.6699377680197,44.2663984298706,44.5236298288219,44.225543487817,45.9316467475146,44.2902367371134,44.1631361525506
"CT","112511","KSHV dream array","Orf20 or Orf19 (35440)","KSHV","Orf20 or Orf19","KSHV dream arrayOrf20 or Orf19 (35440)","good","PP1",44.0380226178095,45.2690855003893,45.8205499970354,45.2462030351162,45.203577819746,45.3184962822124,45.8523455262184,44.04694540333,44.9555156477727,44.4249806734733,44.4264172320254,44.0403790534474,44.8071043593809,44.5907410187647,45.584082860034,45.9303581384011
"CT","112511","KSHV dream array","Orf21 (36102,2)","KSHV","Orf21","KSHV dream arrayOrf21 (36102,2)","good","PP2",43.16,44.02,55.6471600363776,42.2,42.21,41.25,39.63,41.89,39.56,42.8,47.5939762383513,44.8938164855354,42.86,44.47,45.794900817275,42.6
"CT","112511","KSHV dream array","Orf21 (36102)","KSHV","Orf21","KSHV dream arrayOrf21 (36102)","good","PP1",41.43,42.84,45.5993776284158,41.85,44.55,47.6510164265335,44.99,42.03,43.68,47.2776939212903,44.89,51.4692632688023,56.72224924393,44.62,45.2664618389867,42.14
"CT","112511","KSHV dream array","Orf21 (36500,2)","KSHV","Orf21","KSHV dream arrayOrf21 (36500,2)","good","PP2",45.8621976235881,45.7885881750844,45.8879515021108,45.7453581574373,44.8556124619208,44.2213705056347,45.8438861179166,45.3393665598705,45.9966577007435,44.7413658918813,45.118007005658,45.5263108061627,44.1590925194323,44.354813025333,44.1141371531412,45.8596300636418
"CT","112511","KSHV dream array","Orf21 (36500)","KSHV","Orf21","KSHV dream arrayOrf21 (36500)","good","PP1",37.88,45.8627118011937,45.8897076020949,44.8726514168084,45.4108250499703,45.3926047584973,44.3834558129311,45.5236613410525,45.3477634601295,44.323538646102,45.61227869289,45.7623018422164,45.6268336507492,44.9895608848892,45.7309224996716,44.7112556728534
"CT","112511","KSHV dream array","Orf23 or 24 (39603)","KSHV","Orf23 or 24","KSHV dream arrayOrf23 or 24 (39603)","good","PP1",45.3586464580148,45.3476448878646,45.616156426724,45.1937801148742,44.5962298079394,44.8500340105966,44.5605820184574,45.4969067592174,45.1854204889387,45.8272664784454,45.6011330536567,44.2442451966926,44.461612442974,44.0057260994799,44.0501346224919,32.91
"CT","112511","KSHV dream array","Orf23 or 24 (39786)","KSHV","Orf23 or 24","KSHV dream arrayOrf23 or 24 (39786)","good","PP1",45.6486347950995,45.9912201226689,44.9470607116818,45.7426217920147,45.1526707587764,35.83,45.8152135312557,44.052505990956,44.8229798469692,44.0547385299578,45.7738841054961,44.5529080075212,45.4132682764903,44.1311998567544,45.7631061533466,33.9
"CT","112511","KSHV dream array","Orf24 (41283)","KSHV","Orf24","KSHV dream arrayOrf24 (41283)","good","PP1",44.4196978523396,44.7799244839698,44.4553941506892,45.9255772647448,38.42,45.815185665153,45.2475436171517,44.9602523599751,44.115229871124,45.1365899471566,44.270497828722,44.6477915081196,45.4709975384176,45.1923912810162,45.3183139418252,36.7
"CT","112511","KSHV dream array","Orf24 (41630)","KSHV","Orf24","KSHV dream arrayOrf24 (41630)","good","PP1",45.1877639330924,44.7444636835717,44.9343350376002,45.3604066618718,44.2799971885979,45.6248927502893,45.8876070138067,41.4,44.7082380801439,45.3011773233302,45.8742540013045,44.1151153254323,45.9984141192399,44.1029854258522,45.8362899743952,44.1773678786121
"CT","112511","KSHV dream array","Orf25 (45767)","KSHV","Orf25","KSHV dream arrayOrf25 (45767)","good","PP1",44.9246930545196,44.4473739117384,44.7271210108884,44.0336821000092,45.162057065405,45.0484343180433,39.94,44.0884058680385,45.6454078326933,45.369250563439,45.7715959697962,44.2504000854678,45.4958396973088,45.9425703897141,45.3104092618451,45.7524409727193
"CT","112511","KSHV dream array","Orf25 (46047)","KSHV","Orf25","KSHV dream arrayOrf25 (46047)","good","PP1",44.3276778785512,44.7736691199243,45.3461369895376,44.7899360428564,45.6210221578367,44.7972547109239,44.5083740036935,45.1873027533293,45.3477580514736,44.1486184261739,45.8842852157541,45.4194892765954,44.1109480974264,45.21230579447,45.309811453335,44.2703433921561
"CT","112511","KSHV dream array","Orf26 or Orf25 (47305)","KSHV","Orf26 or Orf25","KSHV dream arrayOrf26 or Orf25 (47305)","good","PP1",36.11,45.757884892635,44.8253550184891,45.1413787077181,44.9039820688777,44.5956391971558,45.5068449173123,45.2849251651205,45.4747431259602,45.9845259259455,44.4357703682035,44.0491608805023,44.5537098767236,45.2594085591845,44.3029489428736,44.4590006475337
"CT","112511","KSHV dream array","Orf27 or 26 or 25 (48071)","KSHV","Orf27 or 26 or 25","KSHV dream arrayOrf27 or 26 or 25 (48071)","good","PP1",44.0447640940547,44.8827144643292,44.1294419527985,44.71,45.0973998247646,44.580959783867,45.6310573932715,45.9128683949821,45.4694760330021,42.79,44.2581409821287,45.5915050255135,44.9650216647424,45.7260907744057,45.6808045916259,43.18
"CT","112511","KSHV dream array","Orf27 or 26 or 25 (48265)","KSHV","Orf27 or 26 or 25","KSHV dream arrayOrf27 or 26 or 25 (48265)","good","PP1",44.5871527087875,44.8354437523521,44.4948067991063,44.4685390088707,37.67,44.4847815167159,45.4232723042369,45.0189949753694,45.4090926554054,44.0757786282338,45.1540164388716,45.6979079125449,45.3540153549984,45.8884078678675,45.7319280700758,45.6234331727028
"CT","112511","KSHV dream array","Orf29 (49612)","KSHV","Orf29","KSHV dream arrayOrf29 (49612)","good","PP1",44.842961457558,45.6117569804192,44.042980894912,44.4402005206794,45.3494256935082,44.6992345238104,45.8130818260834,44.7841624226421,44.2790074129589,44.219026346691,44.3761844444089,45.7141885561869,45.9634844139218,44.3715918599628,45.425885098055,35.57
"CT","112511","KSHV dream array","Orf29 (49613)","KSHV","Orf29","KSHV dream arrayOrf29 (49613)","good","PP1",44.6488444944844,45.54034630768,38.63,44.1003717216663,36.39,44.6973038436845,45.7207782394253,45.7459755898453,45.9651464326307,45.8126255944371,45.2489624787122,44.8108794442378,44.0123118739575,44.77785840258,44.834317647852,35.28
"CT","112511","KSHV dream array","Orf29 (54355)","KSHV","Orf29","KSHV dream arrayOrf29 (54355)","good","PP1",45.6963009065948,44.492875367403,44.5821022887528,44.0014129504561,38.2,53.2060455879942,51.453731183596,52.7572120738775,39.11,53.6062447012402,44.6190531704389,44.5396225103177,44.15,44.8003773074597,49.7193933732994,44.9131958386861
"CT","112511","KSHV dream array","Orf30 or Orf29 (50891)","KSHV","Orf30 or Orf29","KSHV dream arrayOrf30 or Orf29 (50891)","good","PP1",45.7553926557302,35.52,45.6421818234958,45.2033606325276,44.4422624735162,45.4062979286537,44.3714546277188,35.7,36.49,44.404376576189,44.3195313336328,45.7938533965498,44.2832322875038,44.4763697567396,35.89,35.07
"CT","112511","KSHV dream array","Orf30 or Orf29 or 31 (50984)","KSHV","Orf30 or Orf29 or 31","KSHV dream arrayOrf30 or Orf29 or 31 (50984)","good","PP1",44.7449391712435,45.5464866273105,45.1859124288894,45.6685284911655,44.9408238255419,37,36.25,44.296685334295,44.0113411317579,44.9358191126958,45.722172329668,45.4440669952892,44.1847909772769,45.0249904785305,44.2720018816181,45.3559654760174
"CT","112511","KSHV dream array","Orf30 or Orf29 or 31 (51123)","KSHV","Orf30 or Orf29 or 31","KSHV dream arrayOrf30 or Orf29 or 31 (51123)","good","PP1",45.8039680859074,45.1879472308792,45.8966317814775,44.4234260530211,44.1695432779379,44.7419636566192,44.8554079760797,45.6579925767146,44.1871278821491,45.8542874921113,44.5277386629023,44.1125228232704,44.4529530149885,44.8275099531747,44.4962135632522,37.01
"CT","112511","KSHV dream array","Orf32 or 29,30,31 (51996)","KSHV","Orf32 or 29,30,31","KSHV dream arrayOrf32 or 29,30,31 (51996)","good","PP1",44.9056603400968,45.3154243212193,35.39,45.0166860003956,45.3157244729809,44.1872531925328,45.3101032446139,44.6380394203588,44.9532014820725,45.5171628799289,45.1984840035439,44.7459012870677,36.93,44.1398916314356,45.2378822108731,36.33
"CT","112511","KSHV dream array","Orf32 or 29,30,31 (52828)","KSHV","Orf32 or 29,30,31","KSHV dream arrayOrf32 or 29,30,31 (52828)","good","PP1",45.4468529042788,44.5851150667295,45.7269523101859,45.1459673154168,35.02,45.4910186449997,45.7342752204277,36.21,44.4869852871634,34.4,45.9941483801231,45.0897048227489,45.5930183124729,35.75,45.548009401653,33.44
"CT","112511","KSHV dream array","Orf33 or 29,30,31,32 (53424)","KSHV","Orf33 or 29,30,31,32","KSHV dream arrayOrf33 or 29,30,31,32 (53424)","good","PP1",45.5475142332725,45.9183695786633,36.9,36.53,44.1385427187197,37.51,36.8,45.9873037762009,44.2488067019731,38.87,38.62,45.5703619848937,45.4247505767271,45.3012972646393,44.8138609733433,34.24
"CT","112511","KSHV dream array","Orf34 (55359,2)","KSHV","Orf34","KSHV dream arrayOrf34 (55359,2)","good","PP2",44.2024070541374,44.1363248247653,45.6294637024403,45.610084714368,45.3476573647931,44.4874391877092,38.06,44.8307022689842,45.442356757354,45.2799971997738,45.7618958563544,44.3914821892977,44.2188415047713,44.0154743017629,44.7220345586538,44.2593561871909
"CT","112511","KSHV dream array","Orf34 (55359)","KSHV","Orf34","KSHV dream arrayOrf34 (55359)","good","PP1",45.8705825968646,44.44481757842,44.7479956052266,45.5381672312506,45.4961801520549,44.1661761794239,45.6206771624275,44.5708816857077,45.6487900619395,44.9383598305285,44.8902611257508,44.7657023416832,45.8218888030387,45.7426778869703,45.0764655610546,44.7504258020781
"CT","112511","KSHV dream array","Orf37 or 34,35,36 (57765,2)","KSHV","Orf37 or 34,35,36","KSHV dream arrayOrf37 or 34,35,36 (57765,2)","good","PP2",45.5378842414357,44.9033670877106,36.99,39.14,37.12,36.96,36.34,36.31,45.1812368766405,37.05,45.532665705774,45.0257564554922,44.904881359078,37.88,45.732950928621,34.57
"CT","112511","KSHV dream array","Orf37 or 34,35,36 (57765)","KSHV","Orf37 or 34,35,36","KSHV dream arrayOrf37 or 34,35,36 (57765)","good","PP1",37.98,44.7570328246802,35.59,45.0866243951023,36.74,44.1867500608787,45.6430024718866,48.0542144924588,45.0098038357683,37,45.8862859164365,44.7281185393222,45.8401324204169,44.8780424268916,44.9414223670028,36.54
"CT","112511","KSHV dream array","Orf37 or 34,35,36 (58237)","KSHV","Orf37 or 34,35,36","KSHV dream arrayOrf37 or 34,35,36 (58237)","good","PP1",34.96,45.8390006003901,34.62,45.5716149974614,34.06,37.23,35.92,34.48,44.7408945076168,33.7,44.8792016799562,45.2780109369196,45.3418598743156,33.42,44.4835826144554,32.58
"CT","112511","KSHV dream array","Orf39 (60036)","KSHV","Orf39","KSHV dream arrayOrf39 (60036)","good","PP1",45.6637130063027,45.1436298927292,45.6561623341404,44.4297726298682,37.22,38.36,44.4669100851752,45.4199891299941,45.6289298254997,44.2840711819008,45.0219755703583,45.0839553116821,45.650937479455,45.4037196883,44.9437494711019,32.96
"CT","112511","KSHV dream array","ORF4 (2109)","KSHV","ORF4","KSHV dream arrayORF4 (2109)","good","PP1",45.3135943897069,45.4686359725893,44.660858752206,44.8238946576603,44.5833414918743,45.185131251812,44.2498369514942,44.5722669046372,45.8118207813241,44.4245134200901,45.7044646819122,44.4844870902598,44.6430782629177,44.7793163717724,45.5872990046628,45.3235834268853
"CT","112511","KSHV dream array","ORF4 (2360)","KSHV","ORF4","KSHV dream arrayORF4 (2360)","good","PP1",44.2080391915515,45.8378200535662,44.4292351012118,44.0069308523089,45.7678808793426,45.3681889008731,45.5841839862987,45.633894356899,45.9528006524779,44.9126461017877,45.5094728982076,44.9660032819957,44.9227864900604,44.6487242095172,44.7502041081898,45.5964697124436
"CT","112511","KSHV dream array","ORF4 (2545)","KSHV","ORF4","KSHV dream arrayORF4 (2545)","good","PP1",44.4940397744067,45.8478431953117,45.7521244683303,44.2683756155893,44.1916880388744,44.6272414806299,45.7524555362761,44.5898622474633,44.6278714491054,44.1718119452707,44.5075633595698,44.0987080843188,44.5252728932537,44.8861993197352,44.0942082279362,45.9190127984621
"CT","112511","KSHV dream array","Orf40 (60631)","KSHV","ORF40","KSHV dream arrayOrf40 (60631)","good","PP1",44.6201768130995,45.5492952913046,44.5432866816409,45.6187906479463,45.3066133982502,44.4108656998724,45.9485951326787,35.65,44.8135425089858,55.528453642223,54.5765823224746,45.4966719681397,45.7665481218137,44.8128144526854,44.7119074454531,32.92
"CT","112511","KSHV dream array","Orf40 (61476)","KSHV","ORF40","KSHV dream arrayOrf40 (61476)","good","PP1",45.7494437177666,44.5120745096356,45.270042963326,45.0018638963811,45.6500664209016,44.5976594220847,45.3221692722291,45.8551102848724,44.8384405481629,44.343730809167,44.5937943351455,45.0495945946313,44.6966915247031,44.0261558177881,44.1845265682787,34.96
"CT","112511","KSHV dream array","Orf40 (62028)","KSHV","ORF40","KSHV dream arrayOrf40 (62028)","good","PP1",45.6100392532535,44.9300837842748,35.96,45.3320018188097,45.1889641117305,44.7148825740442,35.97,45.8826396949589,44.5245039174333,44.7498550848104,44.9227156396955,45.9229812631384,45.507855007425,45.4299614913762,45.6894147843122,33.56
"CT","112511","KSHV dream array","Orf40 (62161)","KSHV","ORF40","KSHV dream arrayOrf40 (62161)","good","PP1",44.904094548896,45.7764340662397,45.650840583723,45.1344483499415,44.4165940592065,45.4542952724732,45.0978171089664,45.9395162784494,37.33,44.3876683553681,45.9932293817401,45.6063883746974,45.4033870631829,44.0936854062602,45.3082474912517,36.88
"CT","112511","KSHV dream array","Orf42 or Orf43 (62906)","KSHV","Orf42 or Orf43","KSHV dream arrayOrf42 or Orf43 (62906)","good","PP1",38.11,45.5913741914555,39.45,44.5420280513354,38.11,44.1770306956023,39.78,45.196992686484,45.74205629481,45.5659314263612,44.555210670922,45.1229302049614,37.96,45.4136233073659,45.2933284468018,35.62
"CT","112511","KSHV dream array","Orf43 (63567)","KSHV","Orf43","KSHV dream arrayOrf43 (63567)","good","PP2",54.9101506276615,45.0575103014708,36.45,44.5135477278382,45.7193094678223,45.3301475858316,44.1136635374278,44.3140469840728,44.8225721656345,44.3274708245881,45.0321836215444,44.1093336115591,36.69,44.7243187339045,45.1490777414292,33.62
"CT","112511","KSHV dream array","Orf43 (63853)","KSHV","Orf43","KSHV dream arrayOrf43 (63853)","good","PP2",44.2593497047201,44.4372908365913,34.95,45.2575134355575,45.3850280679762,45.7234459780157,45.0128472116776,34.89,45.4184765564278,45.1311957715079,45.227482913062,44.4764106804505,44.836567000486,44.1896839188412,44.6695817825384,33.35
"CT","112511","KSHV dream array","Orf43 (64036)","KSHV","Orf43","KSHV dream arrayOrf43 (64036)","good","PP2",45.3472439837642,44.6048792158253,45.3752495306544,45.8096541790292,47.5034756372497,44.5496561359614,44.5781515967101,42.2,45.9331131828949,45.6805682843551,44.3555760709569,44.2379603469744,44.7379195992835,44.2272673747502,44.0616068178788,35.96
"CT","112511","KSHV dream array","Orf44 (66282)","KSHV","Orf44","KSHV dream arrayOrf44 (66282)","good","PP2",45.8941015680321,45.3403791505843,45.1404504152015,36.23,35.36,45.0249809934758,45.450350958854,45.7473238222301,44.6358933015727,44.1908925282769,45.2898217085749,44.1189430346712,35.8,44.1330703161657,44.0262354565784,44.0314976852387
"CT","112511","KSHV dream array","Orf44 (66755)","KSHV","Orf44","KSHV dream arrayOrf44 (66755)","good","PP2",44.0269808922894,44.5425224397331,45.1168876918964,44.7026905245148,44.8046872862615,44.2109274682589,44.5958926267922,45.0087273209356,45.7007447178476,45.6866953037679,44.7192915519699,45.4012681837194,45.130347114522,44.1876139133237,44.6674932492897,36.89
"CT","112511","KSHV dream array","Orf44 (67024)","KSHV","Orf44","KSHV dream arrayOrf44 (67024)","good","PP2",44.8132001757622,44.1394280251116,45.2121054721065,44.7335185245611,44.2418787898496,45.1571850301698,45.7831861516461,47.8293612730317,47.8123063808866,44.677916563116,44.7150302967057,45.589979739394,45.4236029498279,44.0464460789226,44.9166095587425,44.6857086657546
"CT","112511","KSHV dream array","Orf45,46,47,48 (68227)","KSHV","Orf45,46,47,48","KSHV dream arrayOrf45,46,47,48 (68227)","good","PP2",46.8470615403727,40.1,33.37,36.1,37.98,46.7186566330865,35.92,34.7,36.49,54.3011437583715,46.903450813219,44.4709083163179,36.38,35.12,44.3042499097064,33.78
"CT","112511","KSHV dream array","Orf46,47,48 (69318)","KSHV","Orf46,47,48","KSHV dream arrayOrf46,47,48 (69318)","good","PP2",44.5617055604234,44.7504992540926,45.3443429856561,44.4582122713327,37.51,44.9915156164207,44.9385945107788,37.6,45.899231530726,36.04,44.3329553483054,45.3332581352443,44.2234520372003,38.75,44.6559949349612,34.75
"CT","112511","KSHV dream array","Orf47 or 48 (69635)","KSHV","Orf47 or 48","KSHV dream arrayOrf47 or 48 (69635)","good","PP2",45.2392542175949,45.7474522804841,35.85,45.8272439050488,48.1581774625368,44.8749687937088,45.4998510130681,44.6496247733012,34.32,45.7510853232816,45.6225975481793,45.292781597469,44.2568336999975,45.5852952473797,45.3490695715882,36.16
"CT","112511","KSHV dream array","Orf47 or 48 (69773)","KSHV","Orf47 or 48","KSHV dream arrayOrf47 or 48 (69773)","good","PP2",45.1074563069269,45.252942442894,44.8414916656911,45.512219496537,45.4469699808396,36.13,44.9702875902876,35.52,35.63,35.75,44.6055445666425,44.9044465837069,45.5291722654365,45.7148504909128,45.93167692516,34.67
"CT","112511","KSHV dream array","Orf48 (70402)","KSHV","Orf48","KSHV dream arrayOrf48 (70402)","good","PP2",44.5004957001656,45.6077248854563,44.897800586652,44.1025584139861,45.9155115457252,45.7605407228693,45.8553322991356,35.64,45.5046148980036,44.0374669716693,44.1054646591656,45.0786902909167,44.3324580523185,45.7570270723663,44.7444444685243,45.1451938520186
"CT","112511","KSHV dream array","Orf49 or 50 (71851)","KSHV","Orf49 or 50","KSHV dream arrayOrf49 or 50 (71851)","good","PP2",45.0609333664179,44.5213680225424,33.86,44.3499637013301,50.649989235606,35.82,35.78,33.33,34.9,35.54,44.0935814571567,44.4970886516385,45.8201990351081,36.19,44.3742255456746,34.85
"CT","112511","KSHV dream array","Orf49 or 50 (72352)","KSHV","Orf49 or 50","KSHV dream arrayOrf49 or 50 (72352)","good","PP2",45.5060835736804,35.69,36.07,44.6526917186566,44.4783061351627,45.2891427008435,44.5312743247487,37.81,45.7588786785491,36.07,44.7379902908579,45.6332904566079,44.47855125973,45.6164567619562,45.5050739333965,36.34
"CT","112511","KSHV dream array","Orf50 (74850)","KSHV","Orf50","KSHV dream arrayOrf50 (74850)","good","PP2",36.66,45.4798336732201,44.6875453866087,44.7931268592365,44.7103387946263,45.6740594496951,45.223696033936,44.2542554372922,44.8239883128554,57.6236423805356,45.9220613460056,44.4737345511094,44.6447221622802,44.4607288809493,45.0141587555408,45.6341958730482
"CT","112511","KSHV dream array","Orf50 or K8 (75170)","KSHV","Orf50 or K8","KSHV dream arrayOrf50 or K8 (75170)","good","PP2",44.1767707378604,44.9965457455255,44.6247232882306,45.4585716244765,44.5064607146196,44.0338502139784,44.1391453775577,44.5045237685554,45.9378889771178,44.992285378743,44.8122893483378,44.7113103130832,45.2066932935268,45.4974502227269,41.51,44.6604523272254
"CT","112511","KSHV dream array","Orf52 (77022)","KSHV","ORF52","KSHV dream arrayOrf52 (77022)","good","PP2",44.7050772509538,45.1031383522786,40.2,44.3040687018074,45.5592832835391,37.85,45.8133747745305,36.77,44.2115653860383,38.97,45.4307193146087,45.0763742639683,37.77,36.2,45.8678100681864,34.04
"CT","112511","KSHV dream array","Orf52 (77128)","KSHV","ORF52","KSHV dream arrayOrf52 (77128)","good","PP2",45.365245422814,45.8290327657014,45.6951442672871,45.2420996399596,45.7725486191921,45.8497525253333,44.6147583997808,35.33,45.6446465435438,35.52,45.6502577294596,45.7477660775185,34.25,32.88,44.8303155628964,33.02
"CT","112511","KSHV dream array","Orf54 (77844)","KSHV","Orf54","KSHV dream arrayOrf54 (77844)","good","PP2",45.9861888261512,44.481235162355,44.7936980691738,45.4427586402744,44.9681606870145,45.3354152548127,45.7601971658878,35.27,45.0734253376722,45.5433594053611,44.505355685018,44.7830385449342,44.2853937870823,45.4085262571461,44.1560709327459,33.47
"CT","112511","KSHV dream array","Orf54 (78056)","KSHV","Orf54","KSHV dream arrayOrf54 (78056)","good","PP2",44.9552916036919,44.0342181711458,34.97,45.1714495113119,45.0530033470131,45.7647132189013,44.8683820078149,44.8099635848776,44.8896266375668,45.1306530982256,44.5952734709717,45.6431359001435,45.5081913080066,36.11,45.1966709322296,34.88
"CT","112511","KSHV dream array","Orf55 (78956)","KSHV","Orf55","KSHV dream arrayOrf55 (78956)","good","PP2",44.2682976122014,45.4672834435478,45.0704490593635,45.4282988579944,45.0614659101702,45.6651589050889,45.1014718338847,44.2861233484,44.0149428052828,44.2852024948224,45.1536899683997,44.7674704212695,45.1397664812393,44.061723173596,44.0555950617418,41.58
"CT","112511","KSHV dream array","Orf55 (79193)","KSHV","Orf55","KSHV dream arrayOrf55 (79193)","good","PP2",45.9316420103423,44.8823697739281,45.4369917432778,45.8184892977588,45.450104098767,44.6569048198871,44.5069825518876,35.44,44.6866105291992,44.8390821157955,45.1271365196444,44.2092014607042,44.7858009603806,36.33,45.7350056418218,36.22
"CT","112511","KSHV dream array","Orf56 (80963)","KSHV","Orf56","KSHV dream arrayOrf56 (80963)","good","PP2",44.3473951485939,44.0662082848139,44.2549930289388,44.6481399843469,44.8304123384878,44.9215653492138,45.0315769491717,44.1946871709079,45.2489301925525,44.1313929040916,44.8013511742465,44.705670313444,45.6053682616912,44.9590648561716,45.8295585131273,45.1045515583828
"CT","112511","KSHV dream array","Orf56 (81267)","KSHV","Orf56","KSHV dream arrayOrf56 (81267)","good","PP2",44.6784155243076,44.5411865985952,45.7068068049848,45.9672123347409,44.6219202172942,45.7612107531168,44.4950079508126,44.567935930565,44.4369742763229,45.7595932851546,45.2936873105355,44.4458394991234,45.3506621536799,45.1139853489585,44.5744109889492,44.0335666444153
"CT","112511","KSHV dream array","Orf56 (81650)","KSHV","Orf56","KSHV dream arrayOrf56 (81650)","good","PP2",44.0376403722912,45.9892570199445,45.4546928289346,44.9159560995176,44.2162009500898,44.236387967132,44.8641453916207,44.9819996450096,44.1296869749203,45.9758592494763,44.4394145007245,44.7892812159844,45.0943534937687,44.9862608653493,45.2204388976097,45.5363690014929
"CT","112511","KSHV dream array","Orf56 or 57 (83216)","KSHV","Orf56 or 57","KSHV dream arrayOrf56 or 57 (83216)","good","PP2",33.98,45.2210250063799,32.98,31.74,34.12,33,31.92,30.66,45.792443336919,32.33,44.4244959885255,45.8618880212307,45.20305491006,32.86,45.9610316473991,30.66
"CT","112511","KSHV dream array","Orf58 or 59,60,61,62 (94692)","KSHV","Orf58 or 59,60,61,62","KSHV dream arrayOrf58 or 59,60,61,62 (94692)","good","PP2",37.04,44.9587191296741,36.86,37,36.87,36.86,36.67,35.95,45.88133083703,34.23,44.0051961010322,44.0340315001085,45.8109112572856,35.26,45.012718800921,33.03
"CT","112511","KSHV dream array","Orf58 or 59,60,61,62 (94950)","KSHV","Orf58 or 59,60,61,62","KSHV dream arrayOrf58 or 59,60,61,62 (94950)","good","PP2",37.78,44.5116393002681,34.28,37.65,37.64,36.75,34.28,34.23,44.1912343050353,34.22,44.8648383920081,44.4778818078339,36.65,32.28,45.3613055553287,32.47
"CT","112511","KSHV dream array","Orf58 or 59,60,61,62 (95417)","KSHV","Orf58 or 59,60,61,62","KSHV dream arrayOrf58 or 59,60,61,62 (95417)","good","PP2",37.48,45.777466788888,39.87,41.64,38.03,36.89,39.32,39.19,45.3695421526209,35.28,44.925476054661,45.2177671566606,45.6828292454593,36.14,40.88,33.23
"CT","112511","KSHV dream array","Orf59,60,61,62 (95961)","KSHV","Orf59,60,61,62","KSHV dream arrayOrf59,60,61,62 (95961)","good","PP2",34.32,44.011462199036,36.18,36.42,35.63,34.36,35.16,35.09,34.25,33.75,45.3433410255238,45.4826488867402,36.08,33.4,45.4657586179674,32.01
"CT","112511","KSHV dream array","Orf59,60,61,62 (96407)","KSHV","Orf59,60,61,62","KSHV dream arrayOrf59,60,61,62 (96407)","good","PP2",44.6838553948328,44.9508688729256,34.68,34.61,35.56,36.38,37.87,35.83,35.56,35.59,44.7332695638761,45.5776631343178,44.4061422566883,38.61,45.785427456256,33.81
"CT","112511","KSHV dream array","ORF6 or 4 (5672)","KSHV","ORF6 or 4","KSHV dream arrayORF6 or 4 (5672)","good","PP1",45.1111506656744,45.5548680229113,45.4470281619579,37.29,44.4441580884159,37.55,45.8988274415024,36.34,44.7554255616851,41.97,44.3572639082558,44.939869124908,45.500427798368,44.4123651473783,44.8261536597274,45.474293215666
"CT","112511","KSHV dream array","ORF6 or 4 (5859)","KSHV","ORF6 or 4","KSHV dream arrayORF6 or 4 (5859)","good","PP1",45.1853976650164,44.4416529266164,44.329640169628,45.7791047426872,35.65,44.1340315509588,44.7176858712919,45.8956091986038,44.9262013700791,44.9409938515164,44.0314739299938,45.0882276338525,45.508658005856,44.8980794707313,45.1666885837913,36.79
"CT","112511","KSHV dream array","ORF6 or 4 (5921)","KSHV","ORF6 or 4","KSHV dream arrayORF6 or 4 (5921)","good","PP1",44.556487435475,44.8318176134489,44.0314721292816,44.7696076892316,36.28,45.9178480240516,35.09,44.6462556249462,44.1194450897165,45.0299260756001,44.4899690905586,44.5342593854293,44.7931069289334,44.7518355571665,44.4488437110558,44.892574809026
"CT","112511","KSHV dream array","Orf60,61,62 (97138)","KSHV","Orf60,61,62","KSHV dream arrayOrf60,61,62 (97138)","good","PP2",44.1886487533338,44.1894065756351,43.64,45.6597351515666,45.9294564551674,46.2239080911502,45.8349107075483,44.9593855622225,44.743508182466,44.1574344481342,44.6422052537091,44.2232657456771,44.15414403053,45.1182449194603,45.5555809619837,43.1
"CT","112511","KSHV dream array","Orf60,61,62 (97630)","KSHV","Orf60,61,62","KSHV dream arrayOrf60,61,62 (97630)","good","PP2",45.4568137628958,44.3845715024509,44.2356677670032,44.3263710681349,45.5646060197614,37,45.3440605541691,45.7718227794394,45.5836593108252,45.9104045983404,44.9990020464174,44.100330975838,45.241699504666,35.97,45.822895612102,34.36
"CT","112511","KSHV dream array","Orf61 or 62 (98333)","KSHV","Orf61 or 62","KSHV dream arrayOrf61 or 62 (98333)","good","PP2",45.1885097236373,44.923432579264,45.6451289467514,37.95,37.82,38.99,45.2875659801066,38.53,45.1969960881397,35.46,44.396817880217,45.6805216656066,45.3040439728647,44.7400404368527,45.6384894023649,45.8490960239433
"CT","112511","KSHV dream array","Orf61 or 62 (98515)","KSHV","Orf61 or 62","KSHV dream arrayOrf61 or 62 (98515)","good","PP2",35.13,44.794665010646,44.7752845711075,44.99,33.29,35.42,44.7756701381877,45.4062151275575,45.546030416619,45.7392005207948,45.7269084770232,45.9923136932775,44.8275045589544,44.3420494282618,34.8,34.97
"CT","112511","KSHV dream array","Orf62 (100787)","KSHV","Orf62","KSHV dream arrayOrf62 (100787)","good","PP2",44.9289637496695,45.9662915244699,45.1796751520596,45.0844981949776,44.0300590656698,44.0589154255576,44.6850933646783,45.0054277647287,44.1280180513859,44.7057141792029,45.2133923005313,44.6413009623066,45.7159176846035,44.342157932464,44.7190728224814,45.380200649146
"CT","112511","KSHV dream array","Orf62 (100977)","KSHV","Orf62","KSHV dream arrayOrf62 (100977)","good","PP2",45.8174015902914,44.18,45.4936741916463,42.3,45.6044188453816,45.4944337443449,44.019705707673,36.13,45.9397230474278,44.8750514602289,45.3456294084899,44.0531055172905,45.2313870433718,45.6749337124638,37.21,44.4687973558903
"CT","112511","KSHV dream array","Orf62 (101132)","KSHV","Orf62","KSHV dream arrayOrf62 (101132)","good","PP2",45.5097708026879,44.6492446977645,44.7796633671969,44.9874944332987,36.58,44.6713625486009,44.4491205113009,44.4157957118005,45.1533929798752,45.4757993989624,45.2930285609327,44.8351412308402,45.6338208937086,45.6374137843959,56.1821917696297,35.82
"CT","112511","KSHV dream array","Orf63 (103119)","KSHV","Orf63","KSHV dream arrayOrf63 (103119)","good","PP2",45.2998965792358,44.5504682022147,45.5030644247308,42.73,44.0533403391019,45.4202169249766,44.0619551944546,45.6158659826033,45.6104735024273,45.3819296555594,44.5817102687433,45.4733686838299,45.4935257979669,44.1564970859326,45.3447122392245,39.78
"CT","112511","KSHV dream array","Orf63 (103639)","KSHV","Orf63","KSHV dream arrayOrf63 (103639)","good","PP2",44.3921683616936,44.4487652033567,45.065945812501,44.1802683915012,40.87,45.8793680160306,45.0738063971512,45.9202460087836,44.0397229804657,44.2418348505162,44.1592050674371,45.1083361944184,45.3428509058431,44.8168519064784,45.8196675679646,37.83
"CT","112511","KSHV dream array","Orf63 or Orf64 (111231)","KSHV","Orf63 or Orf64","KSHV dream arrayOrf63 or Orf64 (111231)","good","PP2",45.9269082816318,45.5092780007981,53.6315305829607,45.415509654209,39.26,44.594569046516,44.5331798200496,45.8931696186773,44.0641910471022,44.9812943413854,44.7087499620393,44.826280163601,44.7640048386529,44.0842949612997,45.1026596380398,45.4282957287505
"CT","112511","KSHV dream array","Orf63 or Orf64 (111599)","KSHV","Orf63 or Orf64","KSHV dream arrayOrf63 or Orf64 (111599)","good","PP2",45.6262952918187,44.9845595001243,44.4747834773734,45.9240644150414,45.9882762706839,44.7761544622481,45.7657807869837,45.3822644352913,45.8934432272799,45.5764285940677,44.2867959607393,44.7255534413271,45.0791502841748,45.6428004205227,45.1813827543519,36.27
"CT","112511","KSHV dream array","Orf65 or 66, 67, 67A (112376)","KSHV","Orf65 or 66, 67, 67A","KSHV dream arrayOrf65 or 66, 67, 67A (112376)","good","PP2",44.85,45.363275420852,44.5,44.9789763074368,44.3416728666052,45.0122810993344,45.6152886715718,41.33,49.842641023118,43.96,44.204191703815,44.2206897088327,44.030964046251,40.62,44.6405935725197,40.13
"CT","112511","KSHV dream array","Orf66 or 67, 67A (112774)","KSHV","Orf66 or 67, 67A","KSHV dream arrayOrf66 or 67, 67A (112774)","good","PP2",45.7508484926075,44.8870604913682,35.8,49.7614006215334,37.46,37.86,38.1,35.41,44.2911405153573,34.74,45.9032430578955,45.4883318101056,44.3468813179061,34.22,45.4748081690632,32.88
"CT","112511","KSHV dream array","Orf66 or 67, 67A (113453)","KSHV","Orf66 or 67, 67A","KSHV dream arrayOrf66 or 67, 67A (113453)","good","PP2",45.7909175106324,45.4286275906488,34.28,45.3810863569379,44.1294910446741,45.3274258868769,34.97,45.327519766055,44.8136370675638,36.26,45.8394110412337,45.8861346575432,45.1656992519274,37.05,36.3,33.3
"CT","112511","KSHV dream array","Orf66 or 67, 67A (114218)","KSHV","Orf66 or 67, 67A","KSHV dream arrayOrf66 or 67, 67A (114218)","good","PP2",35.74,44.5378631395288,35.76,44.7826546467841,36.02,45.9925637524575,44.3313750694506,35.03,44.9956571916118,57.3611263150908,44.6473674094304,45.4695796445012,45.1734917494468,44.5224872822873,44.5628636968322,33.73
"CT","112511","KSHV dream array","Orf66 or 67, 67A (114453)","KSHV","Orf66 or 67, 67A","KSHV dream arrayOrf66 or 67, 67A (114453)","good","PP2",44.6372997472063,45.1588696925901,36.36,44.2728135725483,44.165412902832,51.9662186825275,45.6196023463272,45.1663640416227,45.8945598015562,36.65,45.3310984945856,45.2700051432475,45.0486451997422,37.01,44.0596575387754,33.98
"CT","112511","KSHV dream array","Orf67 or 67A (113980)","KSHV","Orf67 or 67A","KSHV dream arrayOrf67 or 67A (113980)","good","PP2",35.48,44.8278213180602,45.9253830281086,44.3664834699593,44.4035878442228,45.9782852879725,44.3990986305289,44.7372484682128,45.8294257391244,38.29,45.2744303778745,45.7029965138063,44.6208234038204,35.77,44.7078447006643,33.17
"CT","112511","KSHV dream array","Orf68 (115939)","KSHV","Orf68","KSHV dream arrayOrf68 (115939)","good","PP2",45.8557584807277,44.0763912517577,44.8489559437148,44.4302925476804,37.68,45.2915216614492,44.5007251370698,44.4692275384441,44.7446224344894,45.1410071332939,44.2893343237229,44.8321047378704,45.1302947197109,45.9376671705395,44.030788437929,44.0901038707234
"CT","112511","KSHV dream array","Orf68 or Orf69 (116922)","KSHV","Orf68 or Orf69","KSHV dream arrayOrf68 or Orf69 (116922)","good","PP2",45.3713223775849,44.5105171627365,36.02,37.95,34.68,35.99,45.0593657139689,44.2001454038545,36.37,36.51,44.3151772492565,44.2815418732353,44.7864217129536,44.4469970487989,45.7707717861049,36.28
"CT","112511","KSHV dream array","Orf68 or Orf69 (117120)","KSHV","Orf68 or Orf69","KSHV dream arrayOrf68 or Orf69 (117120)","good","PP2",45.2291951794177,44.7451758063398,44.0460546384566,44.7090648440644,33.96,36.65,45.4440503260121,34.61,45.4760076287203,45.9356959899887,35.01,45.0736481081694,44.9053037692793,45.2847952544689,44.7125060088001,45.0833277697675
"CT","112511","KSHV dream array","Orf7 or 6 or 4 (8189)","KSHV","Orf7 or 6 or 4","KSHV dream arrayOrf7 or 6 or 4 (8189)","good","PP1",44.0020865937695,41.61,45.4270743108355,45.3718754565343,35.51,45.0985692287795,44.1157994256355,44.6502603306435,52.5774408021569,44.0116638410836,45.4448325657286,44.4687329898588,45.3159236032516,44.1775508369319,44.8681834987365,45.7917423150502
"CT","112511","KSHV dream array","Orf7 or 6 or 4 (8314)","KSHV","Orf7 or 6 or 4","KSHV dream arrayOrf7 or 6 or 4 (8314)","good","PP1",44.3942715651356,44.7197005767375,44.5777898314409,45.1173091726378,44.9903771975078,45.59463281231,45.8022669493221,44.4566971794702,44.7644941639155,45.3813145901076,45.1354865701869,45.8356284406036,45.2684017512947,45.1620892253704,45.6621510926634,44.6943656560034
"CT","112511","KSHV dream array","ORF70 (20979)","KSHV","ORF70","KSHV dream arrayORF70 (20979)","good","PP2",44.1354509829544,45.972177494783,44.6872802521102,44.5544998110272,45.1206601727754,44.1663064095192,42.47,35.96,45.6136218309402,44.0937527515925,45.6695874957368,45.9343561013229,36.01,45.926520742476,44.7737095616758,45.7253963630646
"CT","112511","KSHV dream array","ORF70 (20979)","KSHV","ORF70","KSHV dream arrayORF70 (20979)","good","PP1",45.580088313669,44.8356527234428,36.94,45.5136957638897,45.5484274891205,38.95,45.4601590768434,44.5131298201159,44.238031913992,36.9,44.7033899892122,45.4318065047264,45.0160599416122,45.9578571124002,45.3469569897279,44.4651978155598
"CT","112511","KSHV dream array","ORF71 (vFLIP) (122381,2)","KSHV","ORF71 (vFLIP)","KSHV dream arrayORF71 (vFLIP) (122381,2)","good","PP2",33.41,32.93,30.92,34.85,32.57,32.99,31.82,31,32.24,31.9,32.42,35.9,35.39,32.81,36.13,30.7
"CT","112511","KSHV dream array","ORF71 (vFLIP) (122381)","KSHV","ORF71 (vFLIP)","KSHV dream arrayORF71 (vFLIP) (122381)","good","PP1",34.88,32.73,31.84,38.99,34.9,32.36,32.87,31.6,31.71,31.98,33.35,45.705638172105,34.31,33.96,35.81,30.48
"CT","112511","KSHV dream array","ORF71 (vFLIP) (122443,2)","KSHV","ORF71 (vFLIP)","KSHV dream arrayORF71 (vFLIP) (122443,2)","good","PP2",33.92,32.91,30.75,36.14,32.52,32.4,32.03,31.09,31.07,31.38,32.17,45.4426607261412,34.63,32.89,34.41,30.6
"CT","112511","KSHV dream array","ORF71 (vFLIP) (122443)","KSHV","ORF71 (vFLIP)","KSHV dream arrayORF71 (vFLIP) (122443)","good","PP1",35.75,32.94,30.68,33.12,32.66,32.01,32.18,31.49,31.4,32.03,32.64,44.2816702253185,33.23,33.52,34.25,30.8
"CT","112511","KSHV dream array","Orf73 (LANA) (124002,2)","KSHV","Orf73 (LANA)","KSHV dream arrayOrf73 (LANA) (124002,2)","good","PP2",45.6291698487476,38.97,37.35,38.77,37.01,32.74,36.21,36.3,36.95,39.02,45.3785686548799,45.0685338173062,45.300237917807,44.3584410110489,45.0373049499467,38.9
"CT","112511","KSHV dream array","Orf73 (LANA) (124002)","KSHV","Orf73 (LANA)","KSHV dream arrayOrf73 (LANA) (124002)","good","PP1",45.4330763500184,38.61,40.62,39.99,37.04,33.29,39.5,39.26,36.43,38.95,44.0313529437408,45.8925107042305,45.4037762302905,38.18,37.27,44.1035416736268
"CT","112511","KSHV dream array","Orf73 (LANA) or 72 (vCyc) (123511,2)","KSHV","Orf73 (LANA) or 72 (vCyc)","KSHV dream arrayOrf73 (LANA) or 72 (vCyc) (123511,2)","good","PP2",34.02,33.87,31.92,38.57,33.42,32.27,33.98,33.03,31.39,32.79,34.22,45.7580529423431,35.47,34.91,35.57,30.78
"CT","112511","KSHV dream array","Orf73 (LANA) or 72 (vCyc) (123511)","KSHV","Orf73 (LANA) or 72 (vCyc)","KSHV dream arrayOrf73 (LANA) or 72 (vCyc) (123511)","good","PP1",33.36,34.91,31.98,41.25,38.13,34.83,36.94,32.93,32.96,34.56,32.86,35.92,37.63,36.79,41.94,32.12
"CT","112511","KSHV dream array","Orf8 or 4,6,7 (10202)","KSHV","Orf8 or 4,6,7","KSHV dream arrayOrf8 or 4,6,7 (10202)","good","PP1",45.7583360634744,44.7410128186457,44.0504932687618,44.5909143923782,44.2917247419246,44.5732969138771,44.9552651387639,44.6393398409709,44.9511643457226,45.4311496713199,45.6173295755871,44.4010354089551,44.1560907145031,45.5677647548728,45.5489854621701,44.824119687546
"CT","112511","KSHV dream array","Orf8 or 4,6,7 (10467)","KSHV","Orf8 or 4,6,7","KSHV dream arrayOrf8 or 4,6,7 (10467)","good","PP1",44.7054597707465,45.2088886196725,44.4224265357479,45.0460079163313,44.7731415736489,44.7910340619273,45.950026825536,44.9652423318475,45.696565985214,44.7656570402905,44.7914426610805,45.3565922253765,45.9398306128569,44.7325292774476,44.8472159425728,44.343407006003
"CT","112511","KSHV dream array","Orf8 or 4,6,7 (10765)","KSHV","Orf8 or 4,6,7","KSHV dream arrayOrf8 or 4,6,7 (10765)","good","PP1",45.7562905116938,44.609142921865,44.8401429858059,45.1713191173039,45.1170846996829,44.1388290412724,44.5171826235019,45.2825867440552,44.0527668143623,44.4557149666362,44.6529436986893,45.3401463585906,45.3009996190667,45.1291827191599,44.1388141876087,45.7987639303319
"CT","112511","KSHV dream array","Orf9 or 4,6,7,8 (13610)","KSHV","Orf9 or 4,6,7,8","KSHV dream arrayOrf9 or 4,6,7,8 (13610)","good","PP1",44.6818008827977,45.7754271104932,44.5653693391941,45.4327633604407,44.1660796329379,45.2083016969264,45.4758767927997,45.0807283925824,44.9250818709843,44.8949257778004,44.0601908001117,45.3706043818966,48.9527754575945,44.3127315477468,44.1245283861645,45.1912714298815
"CT","112511","KSHV dream array","Orf9 or 4,6,7,8 (13806)","KSHV","Orf9 or 4,6,7,8","KSHV dream arrayOrf9 or 4,6,7,8 (13806)","good","PP1",45.41326253023,44.779322004877,44.7061523143202,44.96399301989,44.1829302390106,45.6830633166246,44.8879839894362,45.3244689879939,44.0428391229361,44.9890041733161,44.1596188703552,45.4443626822904,45.4258544947952,35.83,45.8350678016432,34.52
"CT","112511","KSHV dream array","vIRF1 (K9) (84086)","KSHV","vIRF1 (K9)","KSHV dream arrayvIRF1 (K9) (84086)","good","PP2",38.93,44.5732823638245,44.5662024049088,45.9383113267832,44.3483231123537,44.3200062643737,45.6585281523876,45.7634559706785,44.853427328635,45.9074398349039,44.5825799605809,44.9999970807694,45.887379759457,44.8675222382881,44.7357726804912,36.04
"CT","112511","KSHV dream array","vIRF1 (K9) (84202)","KSHV","vIRF1 (K9)","KSHV dream arrayvIRF1 (K9) (84202)","good","PP2",44.1146918265149,44.6744859167375,44.0292220688425,44.0764153720811,44.0779176671058,45.3517384971492,44.6576169603504,45.6889488422312,44.9735296186991,56.3992876558751,45.732730536256,44.732827459462,44.3622503820807,45.6654705228284,44.5718230386265,44.4535997309722
"CT","112511","KSHV dream array","vIRF1 (K9) (84969)","KSHV","vIRF1 (K9)","KSHV dream arrayvIRF1 (K9) (84969)","good","PP2",45.6814876571298,44.2744679413736,44.0818955628201,45.6918299766257,45.9231952903792,44.9143817322329,44.4391660699621,44.5689411354251,45.2149037169293,45.3102573552169,45.8924532015808,45.9860994932242,44.7770939315669,44.4923354010098,45.1398518891074,45.3175888741389
"CT","112511","KSHV dream array","vIRF2 (92617)","KSHV","vIRF2","KSHV dream arrayvIRF2 (92617)","good","PP2",45.9554759785533,44.1818006322719,44.4781777476892,44.0351837142371,45.4945686743595,44.1537129827775,44.4067265805788,44.1058584894054,50.2713680494763,44.4048418160528,44.7330492171459,45.869430619292,44.7047074786387,44.4604115965776,44.1045267600566,34.44
"CT","112511","KSHV dream array","vIRF4 (86524)","KSHV","vIRF4","KSHV dream arrayvIRF4 (86524)","good","PP2",44.6587097840384,45.4541978561319,44.2092895954847,45.8037755009718,35.05,36.58,45.8426154660992,44.011822423432,34.87,35.63,45.9951399960555,44.0180590255186,44.0126087311655,44.2672979924828,45.315562739037,31.52
"CT","112511","KSHV dream array","vIRF4 (86975)","KSHV","vIRF4","KSHV dream arrayvIRF4 (86975)","good","PP2",45.7547918651253,44.6116682472639,44.820539962966,45.8479450023733,33.7,44.9381228117272,44.6154763521627,44.2167122289538,44.918238514103,44.4004309147224,45.5362236653455,45.801055662334,45.2688769986853,45.0638079824857,45.449247978162,31.42
"CT","112511","KSHV dream array","Orf73 (LANA) (124002,2)a","KSHV","Orf73 (LANA)","KSHV dream arrayOrf73 (LANA) (124002,2)","good","PP2",44.748779702466,37.2,35.41,37.86,37.63,32.69,34.94,37.72,35.98,38.39,45.5826022578403,44.6774381995201,45.6035461197607,38.42,45.5087078777142,44.1257061320357
