SampleID,Cluster,K1,K3,Orf70,K4,K5,K7,Orf16,Orf17,Orf18,Orf4,Orf20,Orf21,Orf22,Orf23,Orf24,Orf25,Orf26,Orf27,Orf6,Orf29,Orf30,Orf32,Orf34,Orf36,Orf37,Orf7,Orf39,Orf40,Orf42,Orf43,Orf44,Orf45,Orf46,Orf47,Orf8,Orf48,Orf49,Orf50,Orf52,Orf54,Orf55,Orf56,Orf57,Orf9,vIRF1,vIRF4,vIRF2,Orf58,Orf59,Orf60,Orf61,Orf62,Orf63,Orf10,Orf65,Orf66,Orf67,Orf68,Orf69,LANA,K14,Orf11,K15,K2
180,1,-1.415987336,-0.733407612,-2.356423224,-2.75500563,-2.341402453,-2.555723534,-5.406533004,1.120813577,-3.364879551,-6.617684966,-3.793810075,3.190497505,-4.123409213,-5.000417971,-1.954413221,-3.47039831,-2.678145594,-4.216661512,-8.073695497,-4.652957238,-3.866520613,-2.157745423,2.910953319,-0.268065884,4.966147863,-1.236631456,-1.246610814,-1.207282271,-6.845539945,1.138543826,-3.766922891,-0.16411622,-0.449627617,-6.245755859,-5.022775222,-1.4967857,-4.358046976,0.180475713,-3.768082187,-2.557466842,3.505892577,-0.583992772,3.208165497,-8.510177439,-1.070705042,-4.86286804,-3.613514013,4.627220434,-0.463671389,4.87411409,-5.17290174,-2.693363704,-1.257077957,-5.984034511,-11.89312613,-6.748318316,-6.743363016,-0.159173449,2.855573242,-1.52870716,-5.867100391,-7.532112841,-0.858643488,0.474951551
220,1,-1.415987336,3.689510573,-2.356423224,-2.968252581,7.777974825,-14.07059396,-5.406533004,-3.939121637,7.339368154,-7.360931918,0.203889007,0.030168739,-4.123409213,-5.000417971,3.549834484,0.88910016,-2.678145594,-1.802413808,-11.21027578,-4.652957238,3.132977857,-2.790180637,-4.593917107,-0.472936311,-9.493592991,-6.823125358,-1.246610814,-3.549479531,-6.845539945,-4.156828131,-6.885628181,-5.411060746,-0.380873061,-6.22856722,-8.836022173,-9.532032274,-5.542441495,-3.170354583,-7.783704909,-1.654963804,-4.216252853,-4.030791868,-3.90591175,-8.510177439,-3.028762978,-10.18561461,-3.67988903,-11.98281438,-8.640666822,-9.101379058,-7.598835823,0.895512043,-3.079003269,-9.337281462,-6.034371572,-8.609887787,-4.784115312,0.436870496,-17.93916761,-11.40915351,-5.605035039,-8.962735563,-7.291089836,-7.034789302
225,1,-0.230970847,-2.868304741,-1.171406734,-1.783236092,-4.401256391,-1.225577471,-4.221516515,-2.754105147,-2.179863062,1.764084572,-2.608793586,-2.007646575,-2.938392723,-3.815401481,-0.769396732,-2.285381821,-1.493129105,-3.031645023,-10.02525929,-3.467940749,-2.681504124,-1.605164148,-3.408900618,0.712080179,-8.308576502,1.485224465,-0.061594325,0.235837877,-5.660523456,-3.886310112,0.213223171,-1.218840585,-12.54435198,-5.990674583,-7.651005684,-1.521639637,2.52517683,-3.0460017,0.047063876,1.664389079,2.841064554,2.039127376,9.590107799,-7.325160949,-2.332994193,-11.01522198,12.77663205,-4.972547121,-7.755148802,-0.510610274,-5.072690891,-1.351550975,-1.144770527,-8.152264973,-13.32785049,-2.688942071,-5.558346527,4.542639281,-1.259151122,3.769464817,2.906795672,-3.141966779,3.912528489,-5.849772813
316,2,-1.415987336,4.446147067,8.172779222,8.500949865,5.727929566,13.57860849,5.408068219,1.370479586,-3.364879551,9.314937195,5.415711392,-0.852928915,4.976059085,3.409183252,1.930188002,2.229335839,3.641455629,9.002540933,10.96559333,5.536511059,-0.126786464,2.254221198,-4.593917107,-0.472936311,7.275609455,2.969676273,4.592591631,5.236342855,2.071561278,6.891342104,9.162409128,4.497345372,4.739833975,-1.178789238,9.973180273,0.950245708,2.687522298,0.868450108,9.261249832,-0.071159113,3.123410021,4.865472843,-1.149039577,9.345691674,-0.263608848,6.94646398,9.495818006,6.191638836,3.882370488,6.918575683,4.656495065,7.684301648,1.788214731,9.635254317,7.776335464,3.445357822,-3.628761793,1.032224014,4.660034835,-1.10610996,1.754931017,8.037219178,-1.586966532,8.304413144
541,1,-0.439120336,-1.409787564,-2.356423224,-1.024718914,5.24902762,-2.225293461,-5.406533004,-0.391321137,-3.364879551,-4.314064918,-3.793810075,5.607737602,4.296791121,-5.000417971,-1.954413221,-3.47039831,8.462154906,-4.216661512,-5.480075448,-3.729423572,-3.866520613,1.820119863,3.171383392,-0.472936311,-1.698292491,-0.496258358,-1.246610814,-2.847058413,3.452260555,-9.837993268,1.970274015,-5.169376274,-0.268767471,-6.233040822,-2.96582184,-2.406355627,-0.551358859,-5.579051023,3.832648386,-3.660226744,-3.661591336,-4.691768913,-0.050974357,-8.510177439,-1.517710183,-5.187287717,1.15721656,-2.378829611,1.210435708,-6.570326263,-3.322256631,-0.442833465,-1.99230073,-2.847081129,-2.882265982,-2.636472275,-2.768062517,-0.393743376,-6.438867112,1.091869028,-5.371745443,4.498617732,-0.8261274,3.635811697
1167,2,-1.415987336,9.716846098,10.15041077,4.285248081,5.165561115,11.31124003,5.571883993,7.720212358,-3.364879551,-6.001987253,-1.514443276,1.3485596,-0.284464548,4.902999027,2.299003777,2.898546355,3.900271403,3.356755485,11.38655821,7.744932092,9.026980049,4.09494486,5.64449989,4.275480687,13.163241,0.581430639,4.985223181,-6.009178613,7.03879405,1.796562729,2.641096012,4.798976921,3.657465525,7.206142923,4.05520049,6.695177869,-1.463005664,5.534676806,8.328881382,-4.142738081,1.004148462,-0.204421917,4.668591972,10.17332322,-0.959593685,8.329095529,-7.999967442,8.114270385,5.180002037,7.276207232,8.444126615,3.639127532,-2.087310447,12.1362192,8.973967014,0.626637151,4.830053981,-3.420626878,5.837666384,2.185915524,1.002300429,6.714850727,4.408979196,6.202044693
1338,2,-1.415987336,-4.05332123,-2.356423224,-2.968252581,5.109809547,9.725488466,13.18954942,8.150440183,-3.364879551,8.341817175,2.681839381,1.388058554,-2.75471507,4.707623243,4.556669205,1.683656641,3.119895619,2.561379701,1.595806645,9.059791855,4.550867671,6.19840179,5.832165319,1.085104903,6.322489435,7.769623735,2.921430399,10.79090381,9.788042481,9.289755825,10.68095578,4.850225352,1.866713956,-5.489170465,2.111366111,-3.176114913,-6.413406688,1.022383832,-4.001870187,-1.283239126,-3.007518965,-3.264239658,2.307840403,-2.262789154,1.544051137,-3.822197253,-0.487302014,0.348518816,-6.961471149,2.750455663,1.124354439,-2.535845847,-4.480346669,7.855467631,7.153215445,-2.661351806,1.694678197,-0.996655591,7.291914815,5.470922512,7.075361609,6.554099159,0.771161456,8.521293124
1347,1,-1.415987336,-4.05332123,-2.356423224,-2.968252581,-1.293587659,-5.48790874,-0.613847783,-3.939121637,-3.364879551,7.164438525,-3.793810075,-0.347539583,2.215047602,-5.000417971,-1.954413221,-3.47039831,-2.678145594,-4.216661512,-4.325152301,0.428832909,-3.866520613,-0.458838026,1.533768114,-0.472936311,7.336777451,0.001998123,-1.246610814,-2.711030436,-1.881697335,-0.857746306,-3.585774763,2.083513368,-3.943998028,3.08333676,10.96934827,3.459871705,-0.137543305,0.212562105,-0.982582171,5.904743032,-0.60272967,1.995333152,2.807128419,7.195193004,-0.173982851,6.222631976,-3.045699219,0.910245092,1.671871817,3.304743679,6.585163062,1.587907904,3.35471038,-3.948824648,7.662503461,4.339216105,4.782007426,1.356203086,6.716202831,2.106207638,-5.111785597,-7.234298047,0.064734266,7.69058114
1367,2,-1.415987336,11.33075743,6.807655432,11.08915941,3.732805776,9.028484695,15.02254565,8.847457019,-3.364879551,5.886480071,5.419452849,0.016722706,10.53733611,2.516621357,3.634665435,7.415654127,1.338893734,2.652417143,7.690469541,5.896428532,6.407558043,2.287878355,8.725161548,1.754103017,10.14548566,0.341567527,1.320428513,2.271268581,1.635019046,1.256392503,5.124938895,3.426221582,-7.165289815,3.743387584,8.398056482,5.539922529,-0.810576734,5.475714023,-2.548873958,1.850117911,-3.020320473,-0.906257651,3.245836632,7.173901217,5.226067973,11.47134019,-4.661345112,3.432501936,3.513913364,5.318451892,2.390351611,5.827511191,-2.128884927,7.446797193,9.501211674,5.376680288,8.620715639,-3.51435099,4.379911044,2.455119118,7.589607838,8.172095388,-1.494040807,5.499289353
1461,2,5.793658829,6.182283931,9.282515271,9.05735258,3.192665615,9.548344534,-5.406533004,0.892847611,6.874589696,1.358360412,3.299553021,1.663295932,2.802903619,4.034051277,-1.954413221,5.058894019,2.536323653,8.452276982,9.548662713,-4.652957238,8.285751215,1.15428861,4.67055214,3.936532937,8.425345503,0.713187473,-0.547141567,0.068396785,-2.266070698,8.800945227,7.027145177,3.02708142,3.459570024,5.420747422,8.866249655,4.360047744,4.583098836,1.42327414,8.600985881,-6.491335081,0.51719886,-0.538526017,5.907363138,8.448761056,1.528427812,8.136200028,1.730554054,7.358041551,5.392106536,4.673311731,7.296231114,2.607547948,0.319758053,10.86165703,9.926071513,5.788140365,8.415575478,-0.613084879,4.984770883,5.323492973,5.502100365,6.791955227,0.972875097,9.414149192
1835,2,4.096640889,-4.05332123,-2.356423224,0.234375644,2.692669458,-1.603622792,3.775438164,1.790349532,5.507091618,-0.154970359,3.80576686,-1.664682285,1.2779049,4.961553198,-1.954413221,3.125563248,3.528825575,-0.004690344,9.436999889,-0.961643126,4.086107612,0.509290532,4.128054061,-0.472936311,-9.493592991,8.517483646,-1.246610814,-0.323601677,-0.328568776,-1.525012488,-0.116488816,-4.967491671,5.104573867,2.429765681,8.384586831,2.071300627,1.819314211,1.923276702,8.975989724,0.055334148,2.078413467,0.500476289,1.325700314,7.890431566,-0.632553929,0.505218287,-4.351413271,4.849712061,2.343777046,2.223315574,-1.659750627,4.21404154,-2.088097443,8.269994209,-14.09892464,-2.686554701,3.128608152,0.08459396,4.739774726,3.813996432,0.357235935,4.84695907,-1.172122597,1.959153035
3392,2,-1.415987336,8.649769577,8.86333425,8.848171559,5.843484594,11.21416351,12.30822447,4.163196468,5.854999186,7.015492223,9.899947398,2.240508585,10.57968159,12.9543395,3.260344253,8.66602583,3.621733143,6.643095961,9.866148359,10.44013357,6.013236861,5.177137468,6.515840366,-0.472936311,7.881164483,8.059965449,4.868146659,5.576627366,8.349217528,7.911804627,8.139630822,2.835900399,-1.199610997,7.051566402,10.43706863,8.035601347,6.239917815,3.405405951,10.82180486,6.815796729,5.505854043,5.91586836,5.818182117,8.429580035,6.674246791,10.44201901,9.346373034,8.942193863,7.076258849,7.84913071,9.862050093,9.189856676,4.385754037,9.952476011,10.66689049,6.171582493,9.176394457,1.594087353,8.165589862,6.259230054,6.016536656,8.342774206,1.531366484,6.604968171
3450,1,-1.415987336,-3.001467313,-2.356423224,-2.968252581,-5.58627288,-1.982813084,-5.406533004,-3.939121637,6.037901325,-6.582411333,-3.793810075,-0.29414248,-4.123409213,-5.000417971,-1.954413221,-3.47039831,-2.678145594,-0.328880636,-11.21027578,-4.652957238,-0.684666695,-2.790180637,-4.593917107,-0.472936311,-1.995812115,-6.823125358,-1.246610814,-6.009178613,-6.845539945,-8.007806017,-7.603272734,-4.499407672,-6.353806718,-5.956800634,-5.147501589,-7.035265688,-4.709390257,-7.764164272,-12.90517174,-5.960252909,-8.122839585,-7.112776763,-3.584534188,-2.654990188,-3.205229806,-5.52995759,-2.685603564,-4.784782734,-5.47979079,-7.297845887,-7.346316942,-9.949713547,-0.909466014,-9.337281462,-14.51286698,-2.326494701,-6.10058214,-6.528116917,-17.93916761,-7.823326971,2.678450497,2.333578485,-8.192263299,-7.034789302
3588,1,-1.415987336,-4.05332123,-2.356423224,-2.968252581,-5.58627288,-14.07059396,-5.406533004,-3.939121637,-3.364879551,-7.360931918,-3.793810075,-0.272093717,0.660493467,-5.000417971,-1.954413221,-3.47039831,-2.678145594,-4.216661512,-11.21027578,-4.652957238,-3.866520613,-2.790180637,-4.593917107,-0.472936311,-9.493592991,-6.823125358,-1.246610814,-2.722837005,-3.725112935,-5.611041928,-7.566223971,-7.406490643,0.372339569,-7.502764062,-8.836022173,-7.453729117,-3.902473227,-4.181830837,-1.702098594,-5.030058064,-8.869951935,-0.069205898,-14.16100601,-8.510177439,-3.379656663,-10.93481146,-0.23753042,-8.145327597,-4.922929278,-11.79477274,-5.491853361,-8.456282791,-5.530971582,-9.337281462,-14.51286698,-8.378000269,-6.743363016,4.493476811,-4.748313592,-8.18503926,-6.852366798,-5.046129248,-0.911463176,-7.034789302
4337,2,8.50547303,4.808139136,6.188370475,1.821609885,2.463520819,8.909199738,4.585863845,5.195672062,-3.364879551,7.750528448,2.453066144,-0.189467264,-4.123409213,3.401978879,2.100380478,1.912797489,1.234251255,3.138132187,8.321184584,4.430238561,4.75160642,0.139716213,4.715876592,-0.472936311,5.416200708,6.948335008,-0.359213965,5.164656347,6.265555329,6.864334815,7.373000381,2.654936625,3.175425229,5.471602627,4.862104859,7.845637573,4.49495404,3.186309893,7.131841086,2.444166288,4.429883024,3.742987106,5.183218343,7.287949594,3.969283017,3.822055233,5.856409259,6.538896755,6.204628408,2.744166936,6.962086319,1.652427285,4.359351341,7.494178904,7.661926718,7.395864611,6.166430683,1.225818591,7.685626088,8.276762657,9.671572881,7.617810431,2.99038822,3.760004397
4647,1,-1.415987336,-4.05332123,-2.356423224,-2.968252581,-5.58627288,-14.07059396,-5.406533004,-3.939121637,-3.364879551,-7.360931918,-3.793810075,0.604438032,-3.882974783,-5.000417971,-1.954413221,-3.47039831,-2.678145594,-4.216661512,-11.21027578,-1.009189475,-3.866520613,-2.790180637,-4.593917107,-0.472936311,-9.493592991,-6.823125358,-1.246610814,-5.306917955,-6.845539945,-6.004225505,-7.604692221,-5.304553785,-5.348065182,-1.872539427,-8.836022173,-10.0838303,-5.619318343,-5.435366545,-14.79295261,-4.586425218,-8.217691278,-4.339367798,-13.19114093,-8.510177439,-7.20018486,-8.272086822,-9.327732795,-12.91901306,-7.783064195,-11.63997512,-7.317381558,-7.632582487,-4.259228463,-9.337281462,-8.381563693,-7.910915233,-5.957711372,-5.806942779,-17.93916761,-13.28229101,-9.101644995,-13.73633162,-3.981706027,-7.034789302
4750,1,-0.865168514,-4.05332123,-2.356423224,-2.968252581,-0.690658763,4.635634273,-5.406533004,-3.939121637,6.385734565,5.976962982,-3.793810075,-1.828920319,-4.123409213,-5.000417971,-1.954413221,-3.47039831,-2.678145594,-4.216661512,-0.576123626,-4.652957238,-3.866520613,-0.619873579,-4.593917107,-0.472936311,-2.752978874,-0.57604928,-1.246610814,-1.712932966,-6.845539945,-5.727788562,-5.056179201,2.995371159,-0.508140237,-3.740076955,-4.058946095,-0.508234952,-0.690857072,0.13292926,-2.622338497,-1.809808588,0.894539358,4.604847827,-4.290756534,-6.956434694,-5.745203624,-10.81712435,-3.687770323,-9.713820866,-8.44975588,-15.33562676,-9.394593264,-2.795953348,1.31073937,-0.23646264,-11.95163875,-7.922354527,-6.4527489,0.024903575,5.807060622,6.135553738,-0.318549643,-4.016369151,5.924494587,-1.633561069
4983,1,-1.415987336,-4.05332123,-2.356423224,-2.968252581,-5.58627288,-14.07059396,-5.406533004,-3.939121637,-3.364879551,-7.360931918,-3.793810075,1.777918647,1.770505832,-5.000417971,-1.954413221,-3.47039831,-2.678145594,-4.216661512,-6.746360737,-4.652957238,-3.866520613,-2.790180637,-4.593917107,-0.472936311,-9.493592991,-6.823125358,-1.246610814,-0.860829586,5.730332621,3.666212632,1.037412582,2.083539032,9.022376662,2.927681494,-8.836022173,2.927152723,2.333207421,6.023478565,12.95379252,5.910536011,9.837444171,7.477157966,8.980169776,-8.510177439,6.668298167,7.631070383,0.882488126,1.073599811,1.73099813,-0.924754197,4.388601469,2.412638435,5.685495917,-9.337281462,11.86887815,8.431573677,-2.62249045,6.053495358,8.642577521,2.701669921,6.091838032,-8.086110702,8.952908106,-7.034789302
5030,2,-1.415987336,4.540595154,-2.356423224,-2.968252581,1.059601697,8.215280616,8.274341572,-2.456184348,5.493057737,9.911609326,-0.077460245,1.152628462,7.112465364,11.29045661,0.741461356,0.910184741,3.289791694,5.334213064,9.895598795,0.649000954,4.986020631,2.689225296,6.156957469,-0.472936311,5.212281586,10.70608255,0.411326474,10.37869596,6.885334632,8.696214642,8.640747926,5.648017503,6.216506106,6.930183505,8.863185737,8.56171845,5.728034918,5.292898195,9.777921963,8.195247166,8.122747726,6.114810548,6.550965887,10.6923638,6.23139525,9.13063611,7.837490137,6.7766443,4.035709285,9.040247814,9.335667196,8.434307112,6.160123396,7.875259781,11.2130076,9.388219649,8.91251156,5.881539176,10.51170697,7.415735447,5.501185115,7.878891309,6.892211662,5.431085275
5098,1,-1.415987336,-4.05332123,-2.356423224,-2.968252581,-5.58627288,-14.07059396,-5.406533004,-3.939121637,-3.364879551,-7.360931918,-3.793810075,-2.979332266,-4.123409213,-5.000417971,-1.954413221,-3.47039831,-2.678145594,-4.216661512,-11.21027578,-2.554625173,-3.866520613,-2.790180637,-4.593917107,-0.472936311,-9.493592991,-6.823125358,-1.246610814,-2.174179373,2.159458153,1.167004197,-2.294295219,-2.419860116,1.655627727,-0.295692973,-8.836022173,-3.790408979,-1.23484194,1.902312609,5.727043584,1.816036721,4.315045783,2.919108605,1.690087507,-8.510177439,2.803236466,2.558508682,4.701611757,-6.230899479,1.519832173,-2.670630566,0.163539768,-1.682402699,2.54878224,-9.337281462,4.972129216,2.589610152,1.899135082,3.02012089,0.645828586,-1.388054334,-0.50072367,-14.73698327,3.143508958,-7.034789302
5130,2,-1.415987336,3.24420754,-1.372227786,2.785942857,0.962922558,7.978601477,13.93766243,5.574024941,5.792218168,7.869930186,8.266385362,0.886800561,3.632721079,10.20377747,2.804782216,2.209065315,2.393952125,2.260436206,8.563919656,5.117904866,4.087674824,2.885465941,6.66527833,0.994161408,6.555602446,6.516338267,1.680486904,7.009016825,9.416155492,10.26286884,9.179068786,4.894338363,6.014826967,7.678504365,7.131506598,8.467539311,5.202355779,6.742478008,10.82624282,7.17690136,7.698243502,6.265467237,6.949286747,7.004017999,7.166184755,11.72145697,9.760810998,9.191631827,6.487363479,8.213568674,10.52648806,8.85429464,6.786066868,7.843580642,11.53132846,10.31820896,9.920832421,4.69541975,9.565027826,6.177224222,4.73722462,6.61221217,3.46686835,3.229406135
5267,1,-1.415987336,-4.05332123,-2.356423224,-2.968252581,-4.918733205,-2.743054286,-5.406533004,-3.860351799,-3.364879551,-2.229238801,-3.793810075,-0.904303281,-4.123409213,-5.000417971,-1.954413221,-3.47039831,2.364394081,1.850878163,-4.591915998,0.055402545,-2.38816083,-0.868910799,-4.593917107,-0.472936311,-1.776053316,-6.823125358,2.48092886,-1.396162743,3.93199973,-1.142120259,-0.197586976,0.851222276,5.535710879,1.381848603,6.675723843,4.327153386,0.503207951,4.650701377,9.982126736,3.979425489,6.577095675,3.377158497,5.586837327,-8.510177439,5.87079883,4.836071046,5.93669491,2.699182406,3.266554275,7.829452587,4.271102132,4.36599866,6.11311547,2.841131221,8.892212368,5.196812404,0.184176658,4.475162466,5.980911738,3.144511808,0.276203776,2.338096082,5.88757548,3.970290048
5386,1,-1.415987336,-0.57799329,-2.356423224,-0.206257974,-5.58627288,-2.76760205,-5.406533004,-3.939121637,-3.364879551,-7.360931918,-3.793810075,-0.98400179,-4.123409213,-5.000417971,-1.954413221,-3.47039831,-2.678145594,-4.216661512,-6.111614508,-4.652957238,-3.866520613,-2.790180637,-4.593917107,-0.472936311,6.502390831,-6.823125358,-1.246610814,-4.015981848,-1.14654399,-4.042665327,-1.97213474,0.208929984,3.086615352,5.63279275,-8.836022173,-0.188664215,0.268947399,-2.026359612,-1.849960703,-1.363304863,4.646835122,0.590504415,-2.180919475,-8.510177439,-0.092518771,0.3892494,5.127599382,-2.908574396,-1.871504017,5.385357059,-0.458219514,0.40975778,-1.692936806,-9.337281462,1.443116841,0.065748792,-6.743363016,-0.202718631,6.221816211,4.698833768,1.206769071,6.064000554,4.554299058,-1.03880548
5557,1,-1.415987336,-4.05332123,-2.356423224,-2.968252581,-5.58627288,-14.07059396,-5.406533004,-3.939121637,-3.364879551,-7.360931918,-3.793810075,-5.514898685,-4.123409213,-5.000417971,-1.954413221,-3.47039831,-2.678145594,-4.216661512,-11.21027578,-4.652957238,-3.866520613,-2.790180637,-4.593917107,-0.472936311,-9.493592991,-6.823125358,-1.246610814,-1.476519985,-5.269716661,-1.608562222,-4.385146749,-4.859222565,-11.10607533,-6.869867788,-8.836022173,0.184990442,0.760136223,-5.624920477,-1.406306045,4.041568014,-4.007293308,0.887428141,-2.579379932,-8.510177439,-4.673864114,-9.869415182,-0.591737872,-10.11479923,-7.372400913,-3.508980195,-6.197737528,-5.923803086,-1.531703263,-9.337281462,-11.93957384,-6.109202398,-6.743363016,4.212602693,-6.105874475,-10.35723442,-5.627397534,-14.73698327,-0.580512118,-7.034789302
5720,1,-1.415987336,-4.05332123,-2.356423224,-2.968252581,-5.58627288,-14.07059396,-5.406533004,-3.378622417,-3.364879551,-7.360931918,-3.793810075,1.431335895,-4.123409213,-5.000417971,-1.954413221,-3.47039831,-2.678145594,-4.216661512,-11.21027578,-4.652957238,-3.866520613,-2.790180637,-4.593917107,-0.472936311,-9.493592991,-6.823125358,-1.246610814,-2.288779237,-6.845539945,-5.230660975,-6.901127692,-3.892259572,-4.037371593,-6.065191853,-8.836022173,-11.37615691,-4.604641532,-5.240019751,-9.181954175,-1.079296159,-7.45355256,-5.933090362,-10.68357744,-8.510177439,-4.864512244,-9.807239247,-11.13138756,-10.7622308,-6.596166332,-4.243629886,-10.22670894,-7.765901839,-4.574930765,-9.337281462,-3.410870104,-7.491959452,-4.837364578,-3.336711583,-17.93916761,-11.93795261,-6.337222379,-9.615984829,-7.071689249,-7.034789302
6039,2,6.950206114,0.119854364,-2.356423224,3.217940869,1.903253904,8.233932823,3.513230387,6.188023451,6.104883841,7.785261533,3.111811351,-4.362820803,0.366433049,12.43410881,-1.954413221,-0.847222716,2.311617798,3.803101879,11.29591767,-4.652957238,1.043163909,-0.767917245,4.500846284,-0.472936311,8.770933792,8.913225831,-1.246610814,-6.009178613,6.899105142,7.488279052,-1.437029926,4.993669709,3.890158313,7.611335711,8.12350461,6.670370657,3.561781768,3.071920797,-4.568189222,4.348899373,3.393669491,3.061826957,3.327951427,9.486016011,3.851634405,5.851788317,8.356142344,5.276963173,1.489519231,0.57890002,1.796937707,1.516371522,-3.631418394,8.932245321,-1.193340198,-2.021371827,-6.743363016,-2.405868281,0.165359172,1.405069755,4.335055966,9.282543516,-0.31277193,3.574737481
6268,2,6.71191827,-4.05332123,-2.356423224,-2.968252581,9.321632726,-1.101641158,-5.406533004,-0.020168834,-2.690926748,2.621005153,-3.793810075,2.851909209,-4.123409213,-5.000417971,-1.954413221,-3.47039831,-2.678145594,1.547291291,3.840963158,10.1382817,-3.866520613,4.558248568,-4.593917107,-0.472936311,-1.564640188,0.158811713,-0.952658011,5.357145872,-5.073563544,-4.855358066,-3.201173848,-0.931532589,2.838537136,-2.526738269,5.071883433,-7.147179725,-1.183515174,-4.342065386,-12.89399981,1.623944862,-6.664370814,-3.378726871,-3.339638286,10.63772817,-0.867081478,-0.109309262,-4.404431637,-0.698959873,5.214406981,4.892278843,4.060721824,-0.609979459,-0.824140154,-3.661312927,-10.66496138,-3.734025984,4.755589787,2.862893196,8.918737995,3.806982252,6.684684789,9.080922338,0.970255364,2.253116304
6725,2,-1.415987336,0.091201309,-2.356423224,-0.939324644,0.66051093,-1.377202056,-5.406533004,1.226770268,-3.364879551,6.955851892,4.23026021,-0.683735127,-3.867814609,2.857973934,1.378978684,4.220790896,-2.678145594,2.346730392,7.123174695,0.822637365,-3.866520613,-0.114288732,4.324474797,-0.472936311,3.438190818,7.954730515,1.12678109,0.457534911,-2.008843993,2.644862605,-9.10732935,1.398926735,-1.252584661,1.746896785,9.930761636,4.850127683,3.726944151,1.201837683,-4.124560709,-3.069438204,-0.980524888,-9.160532351,-1.231458214,8.656606371,-3.962118778,1.222349391,-12.86338444,4.484220199,1.249951851,-1.003842954,-2.336815476,-5.669306195,-0.438767696,7.499502347,-14.51286698,-0.484367812,0.090028888,-4.448449272,-2.467383802,-1.942124625,0.013117039,6.639800542,-2.018417714,-0.298005493
6814,2,7.709020641,6.911686747,4.131918087,5.326755397,3.827068431,11.69274735,16.76680831,9.271719674,6.934291104,7.70407606,9.660531235,3.199564477,8.774932098,13.73792334,7.18392809,8.954609667,2.831025061,5.366679798,10.02806553,9.065384072,4.265154031,4.333160674,7.414424203,-0.472936311,8.03974832,7.971882619,1.397559841,8.187162698,9.582801365,7.993681376,9.82821466,2.354484237,5.59897284,7.517650239,9.178985804,6.416685184,6.566501652,2.235932903,9.055388697,4.9377139,0.302721113,3.128783935,2.706765954,9.068163872,5.162830628,7.385602844,6.959956871,6.374111034,6.048176019,4.027714548,5.87813393,6.69510718,2.521885349,10.35105985,9.685474329,5.666048278,6.309978294,-2.568206553,5.639173699,4.044955508,4.905120493,8.061358043,-0.007483213,1.133552009
7109,1,-1.415987336,-4.05332123,-2.356423224,-2.968252581,-2.888467706,6.475016387,-5.406533004,-3.939121637,-3.364879551,-7.360931918,-1.722688006,-4.484126281,-3.641539097,-5.000417971,-1.954413221,-3.47039831,0.94465958,-3.508856339,6.098667899,-4.652957238,-3.38798383,-1.61127805,-4.593917107,-0.472936311,-1.720787817,2.480614874,-1.246610814,-2.210056543,-6.845539945,-5.148521427,-3.045654811,-1.109368796,1.706241877,-5.871788485,-3.270818724,3.707551634,-1.04447345,5.3436571,-6.69014744,-1.930220512,4.091414273,3.521477095,3.520701657,-2.288307323,1.576197078,-2.122433293,-5.635579266,2.438046737,3.39357494,6.934983584,1.27650038,2.062172767,1.606903133,-3.465411346,6.792743366,3.567191688,6.307247331,1.523761298,5.186442736,-1.389185464,-5.931665644,-4.094178094,2.610000278,-4.669178955
8064,2,-1.415987336,3.417281257,0.387512597,0.897704633,2.327662941,7.72334186,11.40240282,0.722846274,4.057088359,8.536337236,6.108125745,-5.484684457,3.709214668,8.02351785,2.3345226,6.48353751,-2.678145594,2.042274308,8.943660039,4.192999975,2.507415208,-2.001696682,3.800018713,-0.472936311,4.02534283,7.402831856,-1.246610814,6.354757208,9.078395875,8.138619916,8.282142503,3.642078747,5.16456735,6.058244749,9.357913647,7.872279694,4.582096162,4.371250964,7.485983207,4.749975076,4.781196721,3.714472379,5.379027131,6.050425049,5.179941183,8.818697354,4.900551381,6.648038877,5.420437196,5.463309057,8.64872844,6.607368356,5.67873857,6.169987692,9.701068839,8.840843572,8.605572804,3.618580005,10.93976821,7.175990566,9.425715003,6.811952553,3.283873492,4.989146518
8670,2,-1.415987336,5.19948767,7.46971901,4.575842242,1.481798237,8.445548273,4.616538112,4.910485039,3.908191566,1.773162905,3.580646818,5.954765092,11.55606635,4.387653146,7.991729013,12.41241059,3.219925523,4.514480721,10.28919979,7.903184995,9.316288287,8.375961597,5.389154009,-0.472936311,10.75754924,8.339683542,2.314531419,4.492506728,8.743102288,9.039815633,9.172682249,3.68228516,4.736773763,6.785451162,-2.433974762,6.409486107,4.654302575,2.370767005,9.08318962,5.505514823,1.574961852,5.743024673,5.89790021,6.919298128,5.668131551,10.03590377,8.142757794,8.518578623,5.565976942,6.33551547,9.690934853,7.901241436,5.026028865,9.872194105,10.58327525,7.445591926,7.732779217,2.827741319,8.056974622,5.185976338,1.570135857,7.724158966,0.71119734,7.001352931
9161,1,-1.415987336,-2.637504818,-2.356423224,-0.67995309,-1.872548262,5.936855275,-5.406533004,-2.787259328,5.243845067,-0.599299093,2.281169619,-0.003513319,0.829073866,-5.000417971,-1.954413221,-3.47039831,0.960579024,2.837063106,1.698023709,-3.49047416,-1.327370868,-2.790180637,-4.593917107,-0.472936311,-9.493592991,-6.823125358,-1.246610814,-4.711688765,-6.845539945,-9.837993268,-3.149735366,1.117592162,0.438080766,0.292395855,-4.643539094,-3.057931508,-0.234390423,-6.380626905,4.309496623,-5.675661253,-0.423992546,-3.317419572,-5.209942532,2.091455385,-6.146786064,-2.471513848,-9.054659822,2.548644086,1.990617278,1.696822473,-12.43084507,-0.861601307,-2.999451629,0.024351362,4.934582255,-0.618273282,-6.743363016,-5.098652591,-7.870442993,-3.71708213,-8.866358509,-7.73825865,-2.584018458,-2.777340066
9401,1,-1.415987336,-4.05332123,-2.356423224,-2.968252581,-5.58627288,-4.212459281,-5.406533004,-3.939121637,-3.364879551,-7.360931918,-3.793810075,-0.997239944,-4.123409213,-5.000417971,-1.954413221,-3.47039831,-2.678145594,-4.216661512,-11.21027578,-4.652957238,-3.866520613,-2.790180637,-4.593917107,-0.472936311,-9.493592991,-6.823125358,-1.246610814,-5.16392474,-5.976472605,-7.895281708,-7.558036864,-5.672841586,-6.69309911,-4.247556392,-8.836022173,-11.17008879,-6.329331915,-5.951216843,-14.79295261,-7.989781171,-7.659444191,-7.778635241,-9.460729116,-7.118087652,-6.304876002,-10.19617113,-9.01711508,-7.00442893,-3.814742171,-15.17249208,-10.94614004,-10.26447768,-5.179424341,-4.231858342,-7.076597621,-6.91984312,-4.875228336,-3.835909195,-17.93916761,-4.631416992,-9.290403478,-14.73698327,-6.264726384,-7.034789302
9926,1,-1.415987336,-0.319484057,-2.356423224,-2.968252581,5.769482881,-2.8048382,-5.406533004,-0.288743756,-3.364879551,-0.260428077,-3.793810075,1.027840776,-4.123409213,-5.000417971,-1.954413221,-3.47039831,-2.678145594,-4.216661512,0.234065232,-4.652957238,-3.866520613,-2.790180637,-4.593917107,0.75281945,0.01216277,-6.823125358,-1.246610814,-2.864876308,-6.080162065,-9.837993268,-4.949370891,-5.316345553,-8.667856949,-6.730313192,-8.836022173,-9.178778246,-5.17123505,-1.936677176,-14.79295261,-6.22961973,-5.239347327,-7.683284505,-5.810567676,-5.823006932,-7.007254922,-11.63486059,-9.982628679,-1.802970676,-5.892994784,-4.109115242,-4.45445162,-10.07131554,-4.975069438,-9.337281462,-12.47135546,-6.120453622,-6.743363016,-4.876873368,-7.073411851,-1.378644759,-5.337465057,-0.760471747,-7.231883391,-7.034789302