,K1,K14,K15,K2,K3,K4,K5,K7,LANA,Orf10,Orf11,Orf16,Orf17,Orf18,Orf20,Orf21,Orf22,Orf23,Orf24,Orf25,Orf26,Orf27,Orf29,Orf30,Orf32,Orf34,Orf36,Orf37,Orf39,Orf4,Orf40,Orf42,Orf43,Orf44,Orf45,Orf46,Orf47,Orf48,Orf49,Orf50,Orf52,Orf54,Orf55,Orf56,Orf57,Orf58,Orf59,Orf6,Orf60,Orf61,Orf62,Orf63,Orf65,Orf66,Orf67,Orf68,Orf69,Orf7,Orf70,Orf8,Orf9,vIRF1,vIRF2,vIRF4
K1,0.0,128745.83333333333,131770.73333333334,17453.333333333332,18812.666666666664,21411.166666666664,25804.833333333332,28291.333333333332,123014.18333333333,14812.333333333334,16012.583333333334,29966.333333333332,31399.583333333332,32802.333333333336,34393.13333333334,36135.5,38177.0,39326.833333333336,41088.833333333336,45681.0,46904.333333333336,47800.333333333336,50825.66666666667,50631.66666666667,52245.083333333336,55151.833333333336,56230.833333333336,57633.333333333336,59327.833333333336,1970.3333333333333,61133.333333333336,62513.208333333336,63326.333333333336,66319.58333333333,67753.93333333333,68950.33333333333,69336.58333333333,70414.33333333333,71721.73333333332,74124.83333333333,76707.58333333333,77547.16666666666,78718.53333333333,81244.43333333333,82724.33333333333,94954.33333333333,95929.83333333333,5449.666666666666,97016.33333333333,97991.20833333333,100597.91666666666,106429.2619047619,112008.33333333333,113212.2619047619,113612.58333333333,115541.75,116653.33333333333,7927.999999999999,20611.333333333332,10110.333333333334,13429.333333333334,83968.20833333333,92249.58333333333,86355.58333333333
K14,128745.83333333333,0.0,3024.899999999994,111292.5,109933.16666666667,107334.66666666667,102941.0,100454.5,5731.649999999994,113933.5,112733.25,98779.5,97346.25,95943.5,94352.7,92610.33333333334,90568.83333333334,89419.0,87657.0,83064.83333333334,81841.5,80945.5,77920.16666666666,78114.16666666666,76500.75,73594.0,72515.0,71112.5,69418.0,126775.5,67612.5,66232.625,65419.5,62426.25,60991.899999999994,59795.5,59409.25,58331.5,57024.100000000006,54621.0,52038.25,51198.66666666667,50027.3,47501.399999999994,46021.5,33791.5,32816.0,123296.16666666667,31729.5,30754.625,28147.91666666667,22316.571428571435,16737.5,15533.571428571435,15133.25,13204.083333333328,12092.5,120817.83333333333,108134.5,118635.5,115316.5,44777.625,36496.25,42390.25
K15,131770.73333333334,3024.899999999994,0.0,114317.4,112958.06666666667,110359.56666666667,105965.9,103479.4,8756.549999999988,116958.4,115758.15,101804.4,100371.15,98968.4,97377.59999999999,95635.23333333334,93593.73333333334,92443.9,90681.9,86089.73333333334,84866.4,83970.4,80945.06666666665,81139.06666666665,79525.65,76618.9,75539.9,74137.4,72442.9,129800.4,70637.4,69257.525,68444.4,65451.149999999994,64016.79999999999,62820.399999999994,62434.149999999994,61356.399999999994,60049.0,57645.899999999994,55063.149999999994,54223.566666666666,53052.2,50526.29999999999,49046.399999999994,36816.399999999994,35840.899999999994,126321.06666666667,34754.399999999994,33779.524999999994,31172.816666666666,25341.47142857143,19762.399999999994,18558.47142857143,18158.149999999994,16228.983333333323,15117.399999999994,123842.73333333332,111159.4,121660.4,118341.4,47802.524999999994,39521.149999999994,45415.149999999994
K2,17453.333333333332,111292.5,114317.4,0.0,1359.3333333333321,3957.833333333332,8351.5,10838.0,105560.85,2641.0,1440.75,12513.0,13946.25,15349.0,16939.800000000003,18682.166666666664,20723.666666666664,21873.5,23635.5,28227.666666666664,29451.0,30347.0,33372.333333333336,33178.333333333336,34791.75,37698.5,38777.5,40180.0,41874.5,15483.0,43680.0,45059.875,45873.0,48866.25,50300.600000000006,51497.0,51883.25,52961.0,54268.399999999994,56671.5,59254.25,60093.83333333333,61265.2,63791.100000000006,65271.0,77501.0,78476.5,12003.666666666668,79563.0,80537.875,83144.58333333333,88975.92857142857,94555.0,95758.92857142857,96159.25,98088.41666666667,99200.0,9525.333333333334,3158.0,7343.0,4024.0,66514.875,74796.25,68902.25
K3,18812.666666666664,109933.16666666667,112958.06666666667,1359.3333333333321,0.0,2598.5,6992.166666666668,9478.666666666668,104201.51666666668,4000.333333333332,2800.083333333332,11153.666666666668,12586.916666666668,13989.666666666668,15580.46666666667,17322.833333333332,19364.333333333332,20514.166666666668,22276.166666666668,26868.333333333332,28091.666666666668,28987.666666666668,32013.000000000004,31819.000000000004,33432.41666666667,36339.16666666667,37418.16666666667,38820.66666666667,40515.16666666667,16842.333333333332,42320.66666666667,43700.54166666667,44513.66666666667,47506.91666666667,48941.26666666668,50137.66666666667,50523.91666666667,51601.66666666667,52909.066666666666,55312.16666666667,57894.91666666667,58734.5,59905.86666666667,62431.76666666668,63911.66666666667,76141.66666666667,77117.16666666667,13363.0,78203.66666666667,79178.54166666667,81785.25,87616.59523809524,93195.66666666667,94399.59523809524,94799.91666666667,96729.08333333334,97840.66666666667,10884.666666666666,1798.6666666666679,8702.333333333332,5383.333333333332,65155.54166666667,73436.91666666667,67542.91666666667
K4,21411.166666666664,107334.66666666667,110359.56666666667,3957.833333333332,2598.5,0.0,4393.666666666668,6880.166666666668,101603.01666666668,6598.833333333332,5398.583333333332,8555.166666666668,9988.416666666668,11391.166666666668,12981.96666666667,14724.333333333332,16765.833333333332,17915.666666666668,19677.666666666668,24269.833333333332,25493.166666666668,26389.166666666668,29414.500000000004,29220.500000000004,30833.916666666668,33740.66666666667,34819.66666666667,36222.16666666667,37916.66666666667,19440.833333333332,39722.16666666667,41102.04166666667,41915.16666666667,44908.41666666667,46342.76666666668,47539.16666666667,47925.41666666667,49003.16666666667,50310.566666666666,52713.66666666667,55296.41666666667,56136.0,57307.36666666667,59833.26666666668,61313.16666666667,73543.16666666667,74518.66666666667,15961.5,75605.16666666667,76580.04166666667,79186.75,85018.09523809524,90597.16666666667,91801.09523809524,92201.41666666667,94130.58333333334,95242.16666666667,13483.166666666666,799.8333333333321,11300.833333333332,7981.833333333332,62557.04166666667,70838.41666666667,64944.41666666667
K5,25804.833333333332,102941.0,105965.9,8351.5,6992.166666666668,4393.666666666668,0.0,2486.5,97209.35,10992.5,9792.25,4161.5,5594.75,6997.5,8588.300000000003,10330.666666666664,12372.166666666664,13522.0,15284.0,19876.166666666664,21099.5,21995.5,25020.833333333336,24826.833333333336,26440.25,29347.0,30426.0,31828.5,33523.0,23834.5,35328.5,36708.375,37521.5,40514.75,41949.100000000006,43145.5,43531.75,44609.5,45916.899999999994,48320.0,50902.75,51742.33333333333,52913.7,55439.600000000006,56919.5,69149.5,70125.0,20355.166666666668,71211.5,72186.375,74793.08333333333,80624.42857142857,86203.5,87407.42857142857,87807.75,89736.91666666667,90848.5,17876.833333333336,5193.5,15694.5,12375.5,58163.375,66444.75,60550.75
K7,28291.333333333332,100454.5,103479.4,10838.0,9478.666666666668,6880.166666666668,2486.5,0.0,94722.85,13479.0,12278.75,1675.0,3108.25,4511.0,6101.800000000003,7844.166666666664,9885.666666666664,11035.5,12797.5,17389.666666666664,18613.0,19509.0,22534.333333333336,22340.333333333336,23953.75,26860.5,27939.5,29342.0,31036.5,26321.0,32842.0,34221.875,35035.0,38028.25,39462.600000000006,40659.0,41045.25,42123.0,43430.399999999994,45833.5,48416.25,49255.83333333333,50427.2,52953.100000000006,54433.0,66663.0,67638.5,22841.666666666668,68725.0,69699.875,72306.58333333333,78137.92857142857,83717.0,84920.92857142857,85321.25,87250.41666666667,88362.0,20363.333333333336,7680.0,18181.0,14862.0,55676.875,63958.25,58064.25
LANA,123014.18333333333,5731.649999999994,8756.549999999988,105560.85,104201.51666666668,101603.01666666668,97209.35,94722.85,0.0,108201.85,107001.6,93047.85,91614.6,90211.85,88621.05,86878.68333333335,84837.18333333335,83687.35,81925.35,77333.18333333335,76109.85,75213.85,72188.51666666666,72382.51666666666,70769.1,67862.35,66783.35,65380.850000000006,63686.350000000006,121043.85,61880.850000000006,60500.975000000006,59687.850000000006,56694.600000000006,55260.25,54063.850000000006,53677.600000000006,52599.850000000006,51292.45000000001,48889.350000000006,46306.600000000006,45467.01666666668,44295.65000000001,41769.75,40289.850000000006,28059.850000000006,27084.350000000006,117564.51666666668,25997.850000000006,25022.975000000006,22416.266666666677,16584.92142857144,11005.850000000006,9801.92142857144,9401.600000000006,7472.433333333334,6360.850000000006,115086.18333333333,102402.85,112903.85,109584.85,39045.975000000006,30764.600000000006,36658.600000000006
Orf10,14812.333333333334,113933.5,116958.4,2641.0,4000.333333333332,6598.833333333332,10992.5,13479.0,108201.85,0.0,1200.25,15154.0,16587.25,17990.0,19580.800000000003,21323.166666666664,23364.666666666664,24514.5,26276.5,30868.666666666664,32092.0,32988.0,36013.333333333336,35819.333333333336,37432.75,40339.5,41418.5,42821.0,44515.5,12842.0,46321.0,47700.875,48514.0,51507.25,52941.600000000006,54138.0,54524.25,55602.0,56909.399999999994,59312.5,61895.25,62734.83333333333,63906.2,66432.1,67912.0,80142.0,81117.5,9362.666666666668,82204.0,83178.875,85785.58333333333,91616.92857142857,97196.0,98399.92857142857,98800.25,100729.41666666667,101841.0,6884.333333333334,5799.0,4702.0,1383.0,69155.875,77437.25,71543.25
Orf11,16012.583333333334,112733.25,115758.15,1440.75,2800.083333333332,5398.583333333332,9792.25,12278.75,107001.6,1200.25,0.0,13953.75,15387.0,16789.75,18380.550000000003,20122.916666666664,22164.416666666664,23314.25,25076.25,29668.416666666664,30891.75,31787.75,34813.083333333336,34619.083333333336,36232.5,39139.25,40218.25,41620.75,43315.25,14042.25,45120.75,46500.625,47313.75,50307.0,51741.350000000006,52937.75,53324.0,54401.75,55709.149999999994,58112.25,60695.0,61534.58333333333,62705.95,65231.850000000006,66711.75,78941.75,79917.25,10562.916666666668,81003.75,81978.625,84585.33333333333,90416.67857142857,95995.75,97199.67857142857,97600.0,99529.16666666667,100640.75,8084.583333333334,4598.75,5902.25,2583.25,67955.625,76237.0,70343.0
Orf16,29966.333333333332,98779.5,101804.4,12513.0,11153.666666666668,8555.166666666668,4161.5,1675.0,93047.85,15154.0,13953.75,0.0,1433.25,2836.0,4426.800000000003,6169.166666666664,8210.666666666664,9360.5,11122.5,15714.666666666664,16938.0,17834.0,20859.333333333336,20665.333333333336,22278.75,25185.5,26264.5,27667.0,29361.5,27996.0,31167.0,32546.875,33360.0,36353.25,37787.600000000006,38984.0,39370.25,40448.0,41755.399999999994,44158.5,46741.25,47580.83333333333,48752.2,51278.100000000006,52758.0,64988.0,65963.5,24516.666666666668,67050.0,68024.875,70631.58333333333,76462.92857142857,82042.0,83245.92857142857,83646.25,85575.41666666667,86687.0,22038.333333333336,9355.0,19856.0,16537.0,54001.875,62283.25,56389.25
Orf17,31399.583333333332,97346.25,100371.15,13946.25,12586.916666666668,9988.416666666668,5594.75,3108.25,91614.6,16587.25,15387.0,1433.25,0.0,1402.75,2993.550000000003,4735.916666666664,6777.416666666664,7927.25,9689.25,14281.416666666664,15504.75,16400.75,19426.083333333336,19232.083333333336,20845.5,23752.25,24831.25,26233.75,27928.25,29429.25,29733.75,31113.625,31926.75,34920.0,36354.350000000006,37550.75,37937.0,39014.75,40322.149999999994,42725.25,45308.0,46147.58333333333,47318.95,49844.850000000006,51324.75,63554.75,64530.25,25949.916666666668,65616.75,66591.625,69198.33333333333,75029.67857142857,80608.75,81812.67857142857,82213.0,84142.16666666667,85253.75,23471.583333333336,10788.25,21289.25,17970.25,52568.625,60850.0,54956.0
Orf18,32802.333333333336,95943.5,98968.4,15349.0,13989.666666666668,11391.166666666668,6997.5,4511.0,90211.85,17990.0,16789.75,2836.0,1402.75,0.0,1590.800000000003,3333.1666666666642,5374.666666666664,6524.5,8286.5,12878.666666666664,14102.0,14998.0,18023.333333333336,17829.333333333336,19442.75,22349.5,23428.5,24831.0,26525.5,30832.0,28331.0,29710.875,30524.0,33517.25,34951.600000000006,36148.0,36534.25,37612.0,38919.399999999994,41322.5,43905.25,44744.83333333333,45916.2,48442.100000000006,49922.0,62152.0,63127.5,27352.666666666668,64214.0,65188.875,67795.58333333333,73626.92857142857,79206.0,80409.92857142857,80810.25,82739.41666666667,83851.0,24874.333333333336,12191.0,22692.0,19373.0,51165.875,59447.25,53553.25
Orf20,34393.13333333334,94352.7,97377.59999999999,16939.800000000003,15580.46666666667,12981.96666666667,8588.300000000003,6101.800000000003,88621.05,19580.800000000003,18380.550000000003,4426.800000000003,2993.550000000003,1590.800000000003,0.0,1742.3666666666613,3783.8666666666613,4933.699999999997,6695.699999999997,11287.866666666661,12511.199999999997,13407.199999999997,16432.533333333333,16238.533333333333,17851.949999999997,20758.699999999997,21837.699999999997,23240.199999999997,24934.699999999997,32422.800000000003,26740.199999999997,28120.074999999997,28933.199999999997,31926.449999999997,33360.8,34557.2,34943.45,36021.2,37328.59999999999,39731.7,42314.45,43154.033333333326,44325.399999999994,46851.3,48331.2,60561.2,61536.7,28943.46666666667,62623.2,63598.075,66204.78333333333,72036.12857142856,77615.2,78819.12857142856,79219.45,81148.61666666667,82260.2,26465.13333333334,13781.800000000003,24282.800000000003,20963.800000000003,49575.075,57856.45,51962.45
Orf21,36135.5,92610.33333333334,95635.23333333334,18682.166666666664,17322.833333333332,14724.333333333332,10330.666666666664,7844.166666666664,86878.68333333335,21323.166666666664,20122.916666666664,6169.166666666664,4735.916666666664,3333.1666666666642,1742.3666666666613,0.0,2041.5,3191.3333333333358,4953.333333333336,9545.5,10768.833333333336,11664.833333333336,14690.166666666672,14496.166666666672,16109.583333333336,19016.333333333336,20095.333333333336,21497.833333333336,23192.333333333336,34165.166666666664,24997.833333333336,26377.708333333336,27190.833333333336,30184.083333333336,31618.43333333334,32814.833333333336,33201.083333333336,34278.833333333336,35586.23333333333,37989.333333333336,40572.083333333336,41411.666666666664,42583.03333333333,45108.93333333334,46588.833333333336,58818.833333333336,59794.333333333336,30685.833333333332,60880.833333333336,61855.708333333336,64462.416666666664,70293.7619047619,75872.83333333334,77076.7619047619,77477.08333333334,79406.25,80517.83333333334,28207.5,15524.166666666664,26025.166666666664,22706.166666666664,47832.708333333336,56114.083333333336,50220.083333333336
Orf22,38177.0,90568.83333333334,93593.73333333334,20723.666666666664,19364.333333333332,16765.833333333332,12372.166666666664,9885.666666666664,84837.18333333335,23364.666666666664,22164.416666666664,8210.666666666664,6777.416666666664,5374.666666666664,3783.8666666666613,2041.5,0.0,1149.8333333333358,2911.8333333333358,7504.0,8727.333333333336,9623.333333333336,12648.666666666672,12454.666666666672,14068.083333333336,16974.833333333336,18053.833333333336,19456.333333333336,21150.833333333336,36206.666666666664,22956.333333333336,24336.208333333336,25149.333333333336,28142.583333333336,29576.93333333334,30773.333333333336,31159.583333333336,32237.333333333336,33544.73333333333,35947.833333333336,38530.583333333336,39370.166666666664,40541.53333333333,43067.43333333334,44547.333333333336,56777.333333333336,57752.833333333336,32727.333333333332,58839.333333333336,59814.208333333336,62420.916666666664,68252.2619047619,73831.33333333334,75035.2619047619,75435.58333333334,77364.75,78476.33333333334,30249.0,17565.666666666664,28066.666666666664,24747.666666666664,45791.208333333336,54072.583333333336,48178.583333333336
Orf23,39326.833333333336,89419.0,92443.9,21873.5,20514.166666666668,17915.666666666668,13522.0,11035.5,83687.35,24514.5,23314.25,9360.5,7927.25,6524.5,4933.699999999997,3191.3333333333358,1149.8333333333358,0.0,1762.0,6354.166666666664,7577.5,8473.5,11498.833333333336,11304.833333333336,12918.25,15825.0,16904.0,18306.5,20001.0,37356.5,21806.5,23186.375,23999.5,26992.75,28427.100000000006,29623.5,30009.75,31087.5,32394.899999999994,34798.0,37380.75,38220.33333333333,39391.7,41917.600000000006,43397.5,55627.5,56603.0,33877.166666666664,57689.5,58664.375,61271.08333333333,67102.42857142857,72681.5,73885.42857142857,74285.75,76214.91666666667,77326.5,31398.833333333336,18715.5,29216.5,25897.5,44641.375,52922.75,47028.75
Orf24,41088.833333333336,87657.0,90681.9,23635.5,22276.166666666668,19677.666666666668,15284.0,12797.5,81925.35,26276.5,25076.25,11122.5,9689.25,8286.5,6695.699999999997,4953.333333333336,2911.8333333333358,1762.0,0.0,4592.166666666664,5815.5,6711.5,9736.833333333336,9542.833333333336,11156.25,14063.0,15142.0,16544.5,18239.0,39118.5,20044.5,21424.375,22237.5,25230.75,26665.100000000006,27861.5,28247.75,29325.5,30632.899999999994,33036.0,35618.75,36458.33333333333,37629.7,40155.600000000006,41635.5,53865.5,54841.0,35639.166666666664,55927.5,56902.375,59509.08333333333,65340.428571428565,70919.5,72123.42857142857,72523.75,74452.91666666667,75564.5,33160.833333333336,20477.5,30978.5,27659.5,42879.375,51160.75,45266.75
Orf25,45681.0,83064.83333333334,86089.73333333334,28227.666666666664,26868.333333333332,24269.833333333332,19876.166666666664,17389.666666666664,77333.18333333335,30868.666666666664,29668.416666666664,15714.666666666664,14281.416666666664,12878.666666666664,11287.866666666661,9545.5,7504.0,6354.166666666664,4592.166666666664,0.0,1223.3333333333358,2119.3333333333358,5144.6666666666715,4950.6666666666715,6564.083333333336,9470.833333333336,10549.833333333336,11952.333333333336,13646.833333333336,43710.666666666664,15452.333333333336,16832.208333333336,17645.333333333336,20638.583333333336,22072.93333333334,23269.333333333336,23655.583333333336,24733.333333333336,26040.73333333333,28443.833333333336,31026.583333333336,31866.166666666664,33037.53333333333,35563.43333333334,37043.333333333336,49273.333333333336,50248.833333333336,40231.33333333333,51335.333333333336,52310.208333333336,54916.916666666664,60748.2619047619,66327.33333333334,67531.2619047619,67931.58333333334,69860.75,70972.33333333334,37753.0,25069.666666666664,35570.666666666664,32251.666666666664,38287.208333333336,46568.583333333336,40674.583333333336
Orf26,46904.333333333336,81841.5,84866.4,29451.0,28091.666666666668,25493.166666666668,21099.5,18613.0,76109.85,32092.0,30891.75,16938.0,15504.75,14102.0,12511.199999999997,10768.833333333336,8727.333333333336,7577.5,5815.5,1223.3333333333358,0.0,896.0,3921.3333333333358,3727.3333333333358,5340.75,8247.5,9326.5,10729.0,12423.5,44934.0,14229.0,15608.875,16422.0,19415.25,20849.600000000006,22046.0,22432.25,23510.0,24817.399999999994,27220.5,29803.25,30642.83333333333,31814.199999999997,34340.100000000006,35820.0,48050.0,49025.5,41454.666666666664,50112.0,51086.875,53693.58333333333,59524.928571428565,65104.0,66307.92857142857,66708.25,68637.41666666667,69749.0,38976.333333333336,26293.0,36794.0,33475.0,37063.875,45345.25,39451.25
Orf27,47800.333333333336,80945.5,83970.4,30347.0,28987.666666666668,26389.166666666668,21995.5,19509.0,75213.85,32988.0,31787.75,17834.0,16400.75,14998.0,13407.199999999997,11664.833333333336,9623.333333333336,8473.5,6711.5,2119.3333333333358,896.0,0.0,3025.3333333333358,2831.3333333333358,4444.75,7351.5,8430.5,9833.0,11527.5,45830.0,13333.0,14712.875,15526.0,18519.25,19953.600000000006,21150.0,21536.25,22614.0,23921.399999999994,26324.5,28907.25,29746.83333333333,30918.199999999997,33444.100000000006,34924.0,47154.0,48129.5,42350.666666666664,49216.0,50190.875,52797.58333333333,58628.928571428565,64208.0,65411.928571428565,65812.25,67741.41666666667,68853.0,39872.333333333336,27189.0,37690.0,34371.0,36167.875,44449.25,38555.25
Orf29,50825.66666666667,77920.16666666666,80945.06666666665,33372.333333333336,32013.000000000004,29414.500000000004,25020.833333333336,22534.333333333336,72188.51666666666,36013.333333333336,34813.083333333336,20859.333333333336,19426.083333333336,18023.333333333336,16432.533333333333,14690.166666666672,12648.666666666672,11498.833333333336,9736.833333333336,5144.6666666666715,3921.3333333333358,3025.3333333333358,0.0,194.0,1419.4166666666642,4326.166666666664,5405.166666666664,6807.666666666664,8502.166666666664,48855.333333333336,10307.666666666664,11687.541666666664,12500.666666666664,15493.916666666664,16928.26666666667,18124.666666666664,18510.916666666664,19588.666666666664,20896.06666666666,23299.166666666664,25881.916666666664,26721.499999999993,27892.86666666666,30418.76666666667,31898.666666666664,44128.666666666664,45104.166666666664,45376.0,46190.666666666664,47165.541666666664,49772.24999999999,55603.59523809523,61182.666666666664,62386.59523809523,62786.916666666664,64716.083333333336,65827.66666666666,42897.66666666667,30214.333333333336,40715.333333333336,37396.333333333336,33142.541666666664,41423.916666666664,35529.916666666664
Orf30,50631.66666666667,78114.16666666666,81139.06666666665,33178.333333333336,31819.000000000004,29220.500000000004,24826.833333333336,22340.333333333336,72382.51666666666,35819.333333333336,34619.083333333336,20665.333333333336,19232.083333333336,17829.333333333336,16238.533333333333,14496.166666666672,12454.666666666672,11304.833333333336,9542.833333333336,4950.6666666666715,3727.3333333333358,2831.3333333333358,194.0,0.0,1613.4166666666642,4520.166666666664,5599.166666666664,7001.666666666664,8696.166666666664,48661.333333333336,10501.666666666664,11881.541666666664,12694.666666666664,15687.916666666664,17122.26666666667,18318.666666666664,18704.916666666664,19782.666666666664,21090.06666666666,23493.166666666664,26075.916666666664,26915.499999999993,28086.86666666666,30612.76666666667,32092.666666666664,44322.666666666664,45298.166666666664,45182.0,46384.666666666664,47359.541666666664,49966.24999999999,55797.59523809523,61376.666666666664,62580.59523809523,62980.916666666664,64910.083333333336,66021.66666666666,42703.66666666667,30020.333333333336,40521.333333333336,37202.333333333336,33336.541666666664,41617.916666666664,35723.916666666664
Orf32,52245.083333333336,76500.75,79525.65,34791.75,33432.41666666667,30833.916666666668,26440.25,23953.75,70769.1,37432.75,36232.5,22278.75,20845.5,19442.75,17851.949999999997,16109.583333333336,14068.083333333336,12918.25,11156.25,6564.083333333336,5340.75,4444.75,1419.4166666666642,1613.4166666666642,0.0,2906.75,3985.75,5388.25,7082.75,50274.75,8888.25,10268.125,11081.25,14074.5,15508.850000000006,16705.25,17091.5,18169.25,19476.649999999994,21879.75,24462.5,25302.08333333333,26473.449999999997,28999.350000000006,30479.25,42709.25,43684.75,46795.416666666664,44771.25,45746.125,48352.83333333333,54184.178571428565,59763.25,60967.178571428565,61367.5,63296.66666666667,64408.25,44317.083333333336,31633.75,42134.75,38815.75,31723.125,40004.5,34110.5
Orf34,55151.833333333336,73594.0,76618.9,37698.5,36339.16666666667,33740.66666666667,29347.0,26860.5,67862.35,40339.5,39139.25,25185.5,23752.25,22349.5,20758.699999999997,19016.333333333336,16974.833333333336,15825.0,14063.0,9470.833333333336,8247.5,7351.5,4326.166666666664,4520.166666666664,2906.75,0.0,1079.0,2481.5,4176.0,53181.5,5981.5,7361.375,8174.5,11167.75,12602.100000000006,13798.5,14184.75,15262.5,16569.899999999994,18973.0,21555.75,22395.33333333333,23566.699999999997,26092.600000000006,27572.5,39802.5,40778.0,49702.166666666664,41864.5,42839.375,45446.08333333333,51277.428571428565,56856.5,58060.428571428565,58460.75,60389.91666666667,61501.5,47223.833333333336,34540.5,45041.5,41722.5,28816.375,37097.75,31203.75
Orf36,56230.833333333336,72515.0,75539.9,38777.5,37418.16666666667,34819.66666666667,30426.0,27939.5,66783.35,41418.5,40218.25,26264.5,24831.25,23428.5,21837.699999999997,20095.333333333336,18053.833333333336,16904.0,15142.0,10549.833333333336,9326.5,8430.5,5405.166666666664,5599.166666666664,3985.75,1079.0,0.0,1402.5,3097.0,54260.5,4902.5,6282.375,7095.5,10088.75,11523.100000000006,12719.5,13105.75,14183.5,15490.899999999994,17894.0,20476.75,21316.33333333333,22487.699999999997,25013.600000000006,26493.5,38723.5,39699.0,50781.166666666664,40785.5,41760.375,44367.08333333333,50198.428571428565,55777.5,56981.428571428565,57381.75,59310.91666666667,60422.5,48302.833333333336,35619.5,46120.5,42801.5,27737.375,36018.75,30124.75
Orf37,57633.333333333336,71112.5,74137.4,40180.0,38820.66666666667,36222.16666666667,31828.5,29342.0,65380.850000000006,42821.0,41620.75,27667.0,26233.75,24831.0,23240.199999999997,21497.833333333336,19456.333333333336,18306.5,16544.5,11952.333333333336,10729.0,9833.0,6807.666666666664,7001.666666666664,5388.25,2481.5,1402.5,0.0,1694.5,55663.0,3500.0,4879.875,5693.0,8686.25,10120.600000000006,11317.0,11703.25,12781.0,14088.399999999994,16491.5,19074.25,19913.83333333333,21085.199999999997,23611.100000000006,25091.0,37321.0,38296.5,52183.666666666664,39383.0,40357.875,42964.58333333333,48795.928571428565,54375.0,55578.928571428565,55979.25,57908.41666666667,59020.0,49705.333333333336,37022.0,47523.0,44204.0,26334.875,34616.25,28722.25
Orf39,59327.833333333336,69418.0,72442.9,41874.5,40515.16666666667,37916.66666666667,33523.0,31036.5,63686.350000000006,44515.5,43315.25,29361.5,27928.25,26525.5,24934.699999999997,23192.333333333336,21150.833333333336,20001.0,18239.0,13646.833333333336,12423.5,11527.5,8502.166666666664,8696.166666666664,7082.75,4176.0,3097.0,1694.5,0.0,57357.5,1805.5,3185.375,3998.5,6991.75,8426.100000000006,9622.5,10008.75,11086.5,12393.899999999994,14797.0,17379.75,18219.33333333333,19390.699999999997,21916.600000000006,23396.5,35626.5,36602.0,53878.166666666664,37688.5,38663.375,41270.08333333333,47101.428571428565,52680.5,53884.428571428565,54284.75,56213.91666666667,57325.5,51399.833333333336,38716.5,49217.5,45898.5,24640.375,32921.75,27027.75
Orf4,1970.3333333333333,126775.5,129800.4,15483.0,16842.333333333332,19440.833333333332,23834.5,26321.0,121043.85,12842.0,14042.25,27996.0,29429.25,30832.0,32422.800000000003,34165.166666666664,36206.666666666664,37356.5,39118.5,43710.666666666664,44934.0,45830.0,48855.333333333336,48661.333333333336,50274.75,53181.5,54260.5,55663.0,57357.5,0.0,59163.0,60542.875,61356.0,64349.25,65783.6,66980.0,67366.25,68444.0,69751.4,72154.5,74737.25,75576.83333333333,76748.2,79274.1,80754.0,92984.0,93959.5,3479.333333333333,95046.0,96020.875,98627.58333333333,104458.92857142857,110038.0,111241.92857142857,111642.25,113571.41666666667,114683.0,5957.666666666666,18641.0,8140.0,11459.0,81997.875,90279.25,84385.25
Orf40,61133.333333333336,67612.5,70637.4,43680.0,42320.66666666667,39722.16666666667,35328.5,32842.0,61880.850000000006,46321.0,45120.75,31167.0,29733.75,28331.0,26740.199999999997,24997.833333333336,22956.333333333336,21806.5,20044.5,15452.333333333336,14229.0,13333.0,10307.666666666664,10501.666666666664,8888.25,5981.5,4902.5,3500.0,1805.5,59163.0,0.0,1379.875,2193.0,5186.25,6620.600000000006,7817.0,8203.25,9281.0,10588.399999999994,12991.5,15574.25,16413.83333333333,17585.199999999997,20111.100000000006,21591.0,33821.0,34796.5,55683.666666666664,35883.0,36857.875,39464.58333333333,45295.928571428565,50875.0,52078.928571428565,52479.25,54408.41666666667,55520.0,53205.333333333336,40522.0,51023.0,47704.0,22834.875,31116.25,25222.25
Orf42,62513.208333333336,66232.625,69257.525,45059.875,43700.54166666667,41102.04166666667,36708.375,34221.875,60500.975000000006,47700.875,46500.625,32546.875,31113.625,29710.875,28120.074999999997,26377.708333333336,24336.208333333336,23186.375,21424.375,16832.208333333336,15608.875,14712.875,11687.541666666664,11881.541666666664,10268.125,7361.375,6282.375,4879.875,3185.375,60542.875,1379.875,0.0,813.125,3806.375,5240.725000000006,6437.125,6823.375,7901.125,9208.524999999994,11611.625,14194.375,15033.958333333328,16205.324999999997,18731.225000000006,20211.125,32441.125,33416.625,57063.541666666664,34503.125,35478.0,38084.70833333333,43916.053571428565,49495.125,50699.053571428565,51099.375,53028.54166666667,54140.125,54585.208333333336,41901.875,52402.875,49083.875,21455.0,29736.375,23842.375
Orf43,63326.333333333336,65419.5,68444.4,45873.0,44513.66666666667,41915.16666666667,37521.5,35035.0,59687.850000000006,48514.0,47313.75,33360.0,31926.75,30524.0,28933.199999999997,27190.833333333336,25149.333333333336,23999.5,22237.5,17645.333333333336,16422.0,15526.0,12500.666666666664,12694.666666666664,11081.25,8174.5,7095.5,5693.0,3998.5,61356.0,2193.0,813.125,0.0,2993.25,4427.600000000006,5624.0,6010.25,7088.0,8395.399999999994,10798.5,13381.25,14220.833333333328,15392.199999999997,17918.100000000006,19398.0,31628.0,32603.5,57876.666666666664,33690.0,34664.875,37271.58333333333,43102.928571428565,48682.0,49885.928571428565,50286.25,52215.41666666667,53327.0,55398.333333333336,42715.0,53216.0,49897.0,20641.875,28923.25,23029.25
Orf44,66319.58333333333,62426.25,65451.149999999994,48866.25,47506.91666666667,44908.41666666667,40514.75,38028.25,56694.600000000006,51507.25,50307.0,36353.25,34920.0,33517.25,31926.449999999997,30184.083333333336,28142.583333333336,26992.75,25230.75,20638.583333333336,19415.25,18519.25,15493.916666666664,15687.916666666664,14074.5,11167.75,10088.75,8686.25,6991.75,64349.25,5186.25,3806.375,2993.25,0.0,1434.3500000000058,2630.75,3017.0,4094.75,5402.149999999994,7805.25,10388.0,11227.583333333328,12398.949999999997,14924.850000000006,16404.75,28634.75,29610.25,60869.916666666664,30696.75,31671.625,34278.33333333333,40109.678571428565,45688.75,46892.678571428565,47293.0,49222.16666666667,50333.75,58391.583333333336,45708.25,56209.25,52890.25,17648.625,25930.0,20036.0
Orf45,67753.93333333333,60991.899999999994,64016.79999999999,50300.600000000006,48941.26666666668,46342.76666666668,41949.100000000006,39462.600000000006,55260.25,52941.600000000006,51741.350000000006,37787.600000000006,36354.350000000006,34951.600000000006,33360.8,31618.43333333334,29576.93333333334,28427.100000000006,26665.100000000006,22072.93333333334,20849.600000000006,19953.600000000006,16928.26666666667,17122.26666666667,15508.850000000006,12602.100000000006,11523.100000000006,10120.600000000006,8426.100000000006,65783.6,6620.600000000006,5240.725000000006,4427.600000000006,1434.3500000000058,0.0,1196.3999999999942,1582.6499999999942,2660.399999999994,3967.7999999999884,6370.899999999994,8953.649999999994,9793.233333333323,10964.599999999991,13490.5,14970.399999999994,27200.399999999994,28175.899999999994,62304.26666666667,29262.399999999994,30237.274999999994,32843.98333333332,38675.32857142856,44254.399999999994,45458.32857142856,45858.649999999994,47787.816666666666,48899.399999999994,59825.93333333334,47142.600000000006,57643.600000000006,54324.600000000006,16214.274999999994,24495.649999999994,18601.649999999994
Orf46,68950.33333333333,59795.5,62820.399999999994,51497.0,50137.66666666667,47539.16666666667,43145.5,40659.0,54063.850000000006,54138.0,52937.75,38984.0,37550.75,36148.0,34557.2,32814.833333333336,30773.333333333336,29623.5,27861.5,23269.333333333336,22046.0,21150.0,18124.666666666664,18318.666666666664,16705.25,13798.5,12719.5,11317.0,9622.5,66980.0,7817.0,6437.125,5624.0,2630.75,1196.3999999999942,0.0,386.25,1464.0,2771.399999999994,5174.5,7757.25,8596.833333333328,9768.199999999997,12294.100000000006,13774.0,26004.0,26979.5,63500.666666666664,28066.0,29040.875,31647.58333333333,37478.928571428565,43058.0,44261.928571428565,44662.25,46591.41666666667,47703.0,61022.333333333336,48339.0,58840.0,55521.0,15017.875,23299.25,17405.25
Orf47,69336.58333333333,59409.25,62434.149999999994,51883.25,50523.91666666667,47925.41666666667,43531.75,41045.25,53677.600000000006,54524.25,53324.0,39370.25,37937.0,36534.25,34943.45,33201.083333333336,31159.583333333336,30009.75,28247.75,23655.583333333336,22432.25,21536.25,18510.916666666664,18704.916666666664,17091.5,14184.75,13105.75,11703.25,10008.75,67366.25,8203.25,6823.375,6010.25,3017.0,1582.6499999999942,386.25,0.0,1077.75,2385.149999999994,4788.25,7371.0,8210.583333333328,9381.949999999997,11907.850000000006,13387.75,25617.75,26593.25,63886.916666666664,27679.75,28654.625,31261.33333333333,37092.678571428565,42671.75,43875.678571428565,44276.0,46205.16666666667,47316.75,61408.583333333336,48725.25,59226.25,55907.25,14631.625,22913.0,17019.0
Orf48,70414.33333333333,58331.5,61356.399999999994,52961.0,51601.66666666667,49003.16666666667,44609.5,42123.0,52599.850000000006,55602.0,54401.75,40448.0,39014.75,37612.0,36021.2,34278.833333333336,32237.333333333336,31087.5,29325.5,24733.333333333336,23510.0,22614.0,19588.666666666664,19782.666666666664,18169.25,15262.5,14183.5,12781.0,11086.5,68444.0,9281.0,7901.125,7088.0,4094.75,2660.399999999994,1464.0,1077.75,0.0,1307.3999999999942,3710.5,6293.25,7132.8333333333285,8304.199999999997,10830.100000000006,12310.0,24540.0,25515.5,64964.666666666664,26602.0,27576.875,30183.58333333333,36014.928571428565,41594.0,42797.928571428565,43198.25,45127.41666666667,46239.0,62486.333333333336,49803.0,60304.0,56985.0,13553.875,21835.25,15941.25
Orf49,71721.73333333332,57024.100000000006,60049.0,54268.399999999994,52909.066666666666,50310.566666666666,45916.899999999994,43430.399999999994,51292.45000000001,56909.399999999994,55709.149999999994,41755.399999999994,40322.149999999994,38919.399999999994,37328.59999999999,35586.23333333333,33544.73333333333,32394.899999999994,30632.899999999994,26040.73333333333,24817.399999999994,23921.399999999994,20896.06666666666,21090.06666666666,19476.649999999994,16569.899999999994,15490.899999999994,14088.399999999994,12393.899999999994,69751.4,10588.399999999994,9208.524999999994,8395.399999999994,5402.149999999994,3967.7999999999884,2771.399999999994,2385.149999999994,1307.3999999999942,0.0,2403.100000000006,4985.850000000006,5825.433333333334,6996.800000000003,9522.700000000012,11002.600000000006,23232.600000000006,24208.100000000006,66272.06666666667,25294.600000000006,26269.475000000006,28876.183333333334,34707.52857142857,40286.600000000006,41490.52857142857,41890.850000000006,43820.01666666668,44931.600000000006,63793.73333333333,51110.399999999994,61611.399999999994,58292.399999999994,12246.475000000006,20527.850000000006,14633.850000000006
Orf50,74124.83333333333,54621.0,57645.899999999994,56671.5,55312.16666666667,52713.66666666667,48320.0,45833.5,48889.350000000006,59312.5,58112.25,44158.5,42725.25,41322.5,39731.7,37989.333333333336,35947.833333333336,34798.0,33036.0,28443.833333333336,27220.5,26324.5,23299.166666666664,23493.166666666664,21879.75,18973.0,17894.0,16491.5,14797.0,72154.5,12991.5,11611.625,10798.5,7805.25,6370.899999999994,5174.5,4788.25,3710.5,2403.100000000006,0.0,2582.75,3422.3333333333285,4593.699999999997,7119.600000000006,8599.5,20829.5,21805.0,68675.16666666667,22891.5,23866.375,26473.08333333333,32304.428571428565,37883.5,39087.428571428565,39487.75,41416.91666666667,42528.5,66196.83333333333,53513.5,64014.5,60695.5,9843.375,18124.75,12230.75
Orf52,76707.58333333333,52038.25,55063.149999999994,59254.25,57894.91666666667,55296.41666666667,50902.75,48416.25,46306.600000000006,61895.25,60695.0,46741.25,45308.0,43905.25,42314.45,40572.083333333336,38530.583333333336,37380.75,35618.75,31026.583333333336,29803.25,28907.25,25881.916666666664,26075.916666666664,24462.5,21555.75,20476.75,19074.25,17379.75,74737.25,15574.25,14194.375,13381.25,10388.0,8953.649999999994,7757.25,7371.0,6293.25,4985.850000000006,2582.75,0.0,839.5833333333285,2010.949999999997,4536.850000000006,6016.75,18246.75,19222.25,71257.91666666667,20308.75,21283.625,23890.33333333333,29721.678571428565,35300.75,36504.678571428565,36905.0,38834.16666666667,39945.75,68779.58333333333,56096.25,66597.25,63278.25,7260.625,15542.0,9648.0
Orf54,77547.16666666666,51198.66666666667,54223.566666666666,60093.83333333333,58734.5,56136.0,51742.33333333333,49255.83333333333,45467.01666666668,62734.83333333333,61534.58333333333,47580.83333333333,46147.58333333333,44744.83333333333,43154.033333333326,41411.666666666664,39370.166666666664,38220.33333333333,36458.33333333333,31866.166666666664,30642.83333333333,29746.83333333333,26721.499999999993,26915.499999999993,25302.08333333333,22395.33333333333,21316.33333333333,19913.83333333333,18219.33333333333,75576.83333333333,16413.83333333333,15033.958333333328,14220.833333333328,11227.583333333328,9793.233333333323,8596.833333333328,8210.583333333328,7132.8333333333285,5825.433333333334,3422.3333333333285,839.5833333333285,0.0,1171.3666666666686,3697.2666666666773,5177.1666666666715,17407.16666666667,18382.66666666667,72097.5,19469.16666666667,20444.04166666667,23050.75,28882.095238095237,34461.16666666667,35665.09523809524,36065.41666666667,37994.58333333334,39106.16666666667,69619.16666666666,56935.83333333333,67436.83333333333,64117.83333333333,6421.0416666666715,14702.416666666672,8808.416666666672
Orf55,78718.53333333333,50027.3,53052.2,61265.2,59905.86666666667,57307.36666666667,52913.7,50427.2,44295.65000000001,63906.2,62705.95,48752.2,47318.95,45916.2,44325.399999999994,42583.03333333333,40541.53333333333,39391.7,37629.7,33037.53333333333,31814.199999999997,30918.199999999997,27892.86666666666,28086.86666666666,26473.449999999997,23566.699999999997,22487.699999999997,21085.199999999997,19390.699999999997,76748.2,17585.199999999997,16205.324999999997,15392.199999999997,12398.949999999997,10964.599999999991,9768.199999999997,9381.949999999997,8304.199999999997,6996.800000000003,4593.699999999997,2010.949999999997,1171.3666666666686,0.0,2525.9000000000087,4005.800000000003,16235.800000000003,17211.300000000003,73268.86666666667,18297.800000000003,19272.675000000003,21879.38333333333,27710.728571428568,33289.8,34493.72857142857,34894.05,36823.216666666674,37934.8,70790.53333333333,58107.2,68608.2,65289.2,5249.675000000003,13531.050000000003,7637.050000000003
Orf56,81244.43333333333,47501.399999999994,50526.29999999999,63791.100000000006,62431.76666666668,59833.26666666668,55439.600000000006,52953.100000000006,41769.75,66432.1,65231.850000000006,51278.100000000006,49844.850000000006,48442.100000000006,46851.3,45108.93333333334,43067.43333333334,41917.600000000006,40155.600000000006,35563.43333333334,34340.100000000006,33444.100000000006,30418.76666666667,30612.76666666667,28999.350000000006,26092.600000000006,25013.600000000006,23611.100000000006,21916.600000000006,79274.1,20111.100000000006,18731.225000000006,17918.100000000006,14924.850000000006,13490.5,12294.100000000006,11907.850000000006,10830.100000000006,9522.700000000012,7119.600000000006,4536.850000000006,3697.2666666666773,2525.9000000000087,0.0,1479.8999999999942,13709.899999999994,14685.399999999994,75794.76666666668,15771.899999999994,16746.774999999994,19353.483333333323,25184.82857142856,30763.899999999994,31967.82857142856,32368.149999999994,34297.316666666666,35408.899999999994,73316.43333333333,60633.100000000006,71134.1,67815.1,2723.774999999994,11005.149999999994,5111.149999999994
Orf57,82724.33333333333,46021.5,49046.399999999994,65271.0,63911.66666666667,61313.16666666667,56919.5,54433.0,40289.850000000006,67912.0,66711.75,52758.0,51324.75,49922.0,48331.2,46588.833333333336,44547.333333333336,43397.5,41635.5,37043.333333333336,35820.0,34924.0,31898.666666666664,32092.666666666664,30479.25,27572.5,26493.5,25091.0,23396.5,80754.0,21591.0,20211.125,19398.0,16404.75,14970.399999999994,13774.0,13387.75,12310.0,11002.600000000006,8599.5,6016.75,5177.1666666666715,4005.800000000003,1479.8999999999942,0.0,12230.0,13205.5,77274.66666666667,14292.0,15266.875,17873.58333333333,23704.928571428565,29284.0,30487.928571428565,30888.25,32817.41666666667,33929.0,74796.33333333333,62113.0,72614.0,69295.0,1243.875,9525.25,3631.25
Orf58,94954.33333333333,33791.5,36816.399999999994,77501.0,76141.66666666667,73543.16666666667,69149.5,66663.0,28059.850000000006,80142.0,78941.75,64988.0,63554.75,62152.0,60561.2,58818.833333333336,56777.333333333336,55627.5,53865.5,49273.333333333336,48050.0,47154.0,44128.666666666664,44322.666666666664,42709.25,39802.5,38723.5,37321.0,35626.5,92984.0,33821.0,32441.125,31628.0,28634.75,27200.399999999994,26004.0,25617.75,24540.0,23232.600000000006,20829.5,18246.75,17407.16666666667,16235.800000000003,13709.899999999994,12230.0,0.0,975.5,89504.66666666667,2062.0,3036.875,5643.5833333333285,11474.928571428565,17054.0,18257.928571428565,18658.25,20587.41666666667,21699.0,87026.33333333333,74343.0,84844.0,81525.0,10986.125,2704.75,8598.75
Orf59,95929.83333333333,32816.0,35840.899999999994,78476.5,77117.16666666667,74518.66666666667,70125.0,67638.5,27084.350000000006,81117.5,79917.25,65963.5,64530.25,63127.5,61536.7,59794.333333333336,57752.833333333336,56603.0,54841.0,50248.833333333336,49025.5,48129.5,45104.166666666664,45298.166666666664,43684.75,40778.0,39699.0,38296.5,36602.0,93959.5,34796.5,33416.625,32603.5,29610.25,28175.899999999994,26979.5,26593.25,25515.5,24208.100000000006,21805.0,19222.25,18382.66666666667,17211.300000000003,14685.399999999994,13205.5,975.5,0.0,90480.16666666667,1086.5,2061.375,4668.0833333333285,10499.428571428565,16078.5,17282.428571428565,17682.75,19611.91666666667,20723.5,88001.83333333333,75318.5,85819.5,82500.5,11961.625,3680.25,9574.25
Orf6,5449.666666666666,123296.16666666667,126321.06666666667,12003.666666666668,13363.0,15961.5,20355.166666666668,22841.666666666668,117564.51666666668,9362.666666666668,10562.916666666668,24516.666666666668,25949.916666666668,27352.666666666668,28943.46666666667,30685.833333333332,32727.333333333332,33877.166666666664,35639.166666666664,40231.33333333333,41454.666666666664,42350.666666666664,45376.0,45182.0,46795.416666666664,49702.166666666664,50781.166666666664,52183.666666666664,53878.166666666664,3479.333333333333,55683.666666666664,57063.541666666664,57876.666666666664,60869.916666666664,62304.26666666667,63500.666666666664,63886.916666666664,64964.666666666664,66272.06666666667,68675.16666666667,71257.91666666667,72097.5,73268.86666666667,75794.76666666668,77274.66666666667,89504.66666666667,90480.16666666667,0.0,91566.66666666667,92541.54166666667,95148.25,100979.59523809524,106558.66666666667,107762.59523809524,108162.91666666667,110092.08333333334,111203.66666666667,2478.333333333333,15161.666666666668,4660.666666666667,7979.666666666667,78518.54166666667,86799.91666666667,80905.91666666667
Orf60,97016.33333333333,31729.5,34754.399999999994,79563.0,78203.66666666667,75605.16666666667,71211.5,68725.0,25997.850000000006,82204.0,81003.75,67050.0,65616.75,64214.0,62623.2,60880.833333333336,58839.333333333336,57689.5,55927.5,51335.333333333336,50112.0,49216.0,46190.666666666664,46384.666666666664,44771.25,41864.5,40785.5,39383.0,37688.5,95046.0,35883.0,34503.125,33690.0,30696.75,29262.399999999994,28066.0,27679.75,26602.0,25294.600000000006,22891.5,20308.75,19469.16666666667,18297.800000000003,15771.899999999994,14292.0,2062.0,1086.5,91566.66666666667,0.0,974.875,3581.5833333333285,9412.928571428565,14992.0,16195.928571428565,16596.25,18525.41666666667,19637.0,89088.33333333333,76405.0,86906.0,83587.0,13048.125,4766.75,10660.75
Orf61,97991.20833333333,30754.625,33779.524999999994,80537.875,79178.54166666667,76580.04166666667,72186.375,69699.875,25022.975000000006,83178.875,81978.625,68024.875,66591.625,65188.875,63598.075,61855.708333333336,59814.208333333336,58664.375,56902.375,52310.208333333336,51086.875,50190.875,47165.541666666664,47359.541666666664,45746.125,42839.375,41760.375,40357.875,38663.375,96020.875,36857.875,35478.0,34664.875,31671.625,30237.274999999994,29040.875,28654.625,27576.875,26269.475000000006,23866.375,21283.625,20444.04166666667,19272.675000000003,16746.774999999994,15266.875,3036.875,2061.375,92541.54166666667,974.875,0.0,2606.7083333333285,8438.053571428565,14017.125,15221.053571428565,15621.375,17550.54166666667,18662.125,90063.20833333333,77379.875,87880.875,84561.875,14023.0,5741.625,11635.625
Orf62,100597.91666666666,28147.91666666667,31172.816666666666,83144.58333333333,81785.25,79186.75,74793.08333333333,72306.58333333333,22416.266666666677,85785.58333333333,84585.33333333333,70631.58333333333,69198.33333333333,67795.58333333333,66204.78333333333,64462.416666666664,62420.916666666664,61271.08333333333,59509.08333333333,54916.916666666664,53693.58333333333,52797.58333333333,49772.24999999999,49966.24999999999,48352.83333333333,45446.08333333333,44367.08333333333,42964.58333333333,41270.08333333333,98627.58333333333,39464.58333333333,38084.70833333333,37271.58333333333,34278.33333333333,32843.98333333332,31647.58333333333,31261.33333333333,30183.58333333333,28876.183333333334,26473.08333333333,23890.33333333333,23050.75,21879.38333333333,19353.483333333323,17873.58333333333,5643.5833333333285,4668.0833333333285,95148.25,3581.5833333333285,2606.7083333333285,0.0,5831.345238095237,11410.416666666672,12614.345238095237,13014.666666666672,14943.833333333343,16055.416666666672,92669.91666666666,79986.58333333333,90487.58333333333,87168.58333333333,16629.70833333333,8348.333333333328,14242.333333333328
Orf63,106429.2619047619,22316.571428571435,25341.47142857143,88975.92857142857,87616.59523809524,85018.09523809524,80624.42857142857,78137.92857142857,16584.92142857144,91616.92857142857,90416.67857142857,76462.92857142857,75029.67857142857,73626.92857142857,72036.12857142856,70293.7619047619,68252.2619047619,67102.42857142857,65340.428571428565,60748.2619047619,59524.928571428565,58628.928571428565,55603.59523809523,55797.59523809523,54184.178571428565,51277.428571428565,50198.428571428565,48795.928571428565,47101.428571428565,104458.92857142857,45295.928571428565,43916.053571428565,43102.928571428565,40109.678571428565,38675.32857142856,37478.928571428565,37092.678571428565,36014.928571428565,34707.52857142857,32304.428571428565,29721.678571428565,28882.095238095237,27710.728571428568,25184.82857142856,23704.928571428565,11474.928571428565,10499.428571428565,100979.59523809524,9412.928571428565,8438.053571428565,5831.345238095237,0.0,5579.071428571435,6783.0,7183.321428571435,9112.488095238106,10224.071428571435,98501.2619047619,85817.92857142857,96318.92857142857,92999.92857142857,22461.053571428565,14179.678571428565,20073.678571428565
Orf65,112008.33333333333,16737.5,19762.399999999994,94555.0,93195.66666666667,90597.16666666667,86203.5,83717.0,11005.850000000006,97196.0,95995.75,82042.0,80608.75,79206.0,77615.2,75872.83333333334,73831.33333333334,72681.5,70919.5,66327.33333333334,65104.0,64208.0,61182.666666666664,61376.666666666664,59763.25,56856.5,55777.5,54375.0,52680.5,110038.0,50875.0,49495.125,48682.0,45688.75,44254.399999999994,43058.0,42671.75,41594.0,40286.600000000006,37883.5,35300.75,34461.16666666667,33289.8,30763.899999999994,29284.0,17054.0,16078.5,106558.66666666667,14992.0,14017.125,11410.416666666672,5579.071428571435,0.0,1203.9285714285652,1604.25,3533.4166666666715,4645.0,104080.33333333333,91397.0,101898.0,98579.0,28040.125,19758.75,25652.75
Orf66,113212.2619047619,15533.571428571435,18558.47142857143,95758.92857142857,94399.59523809524,91801.09523809524,87407.42857142857,84920.92857142857,9801.92142857144,98399.92857142857,97199.67857142857,83245.92857142857,81812.67857142857,80409.92857142857,78819.12857142856,77076.7619047619,75035.2619047619,73885.42857142857,72123.42857142857,67531.2619047619,66307.92857142857,65411.928571428565,62386.59523809523,62580.59523809523,60967.178571428565,58060.428571428565,56981.428571428565,55578.928571428565,53884.428571428565,111241.92857142857,52078.928571428565,50699.053571428565,49885.928571428565,46892.678571428565,45458.32857142856,44261.928571428565,43875.678571428565,42797.928571428565,41490.52857142857,39087.428571428565,36504.678571428565,35665.09523809524,34493.72857142857,31967.82857142856,30487.928571428565,18257.928571428565,17282.428571428565,107762.59523809524,16195.928571428565,15221.053571428565,12614.345238095237,6783.0,1203.9285714285652,0.0,400.3214285714348,2329.4880952381063,3441.071428571435,105284.2619047619,92600.92857142857,103101.92857142857,99782.92857142857,29244.053571428565,20962.678571428565,26856.678571428565
Orf67,113612.58333333333,15133.25,18158.149999999994,96159.25,94799.91666666667,92201.41666666667,87807.75,85321.25,9401.600000000006,98800.25,97600.0,83646.25,82213.0,80810.25,79219.45,77477.08333333334,75435.58333333334,74285.75,72523.75,67931.58333333334,66708.25,65812.25,62786.916666666664,62980.916666666664,61367.5,58460.75,57381.75,55979.25,54284.75,111642.25,52479.25,51099.375,50286.25,47293.0,45858.649999999994,44662.25,44276.0,43198.25,41890.850000000006,39487.75,36905.0,36065.41666666667,34894.05,32368.149999999994,30888.25,18658.25,17682.75,108162.91666666667,16596.25,15621.375,13014.666666666672,7183.321428571435,1604.25,400.3214285714348,0.0,1929.1666666666715,3040.75,105684.58333333333,93001.25,103502.25,100183.25,29644.375,21363.0,27257.0
Orf68,115541.75,13204.083333333328,16228.983333333323,98088.41666666667,96729.08333333334,94130.58333333334,89736.91666666667,87250.41666666667,7472.433333333334,100729.41666666667,99529.16666666667,85575.41666666667,84142.16666666667,82739.41666666667,81148.61666666667,79406.25,77364.75,76214.91666666667,74452.91666666667,69860.75,68637.41666666667,67741.41666666667,64716.083333333336,64910.083333333336,63296.66666666667,60389.91666666667,59310.91666666667,57908.41666666667,56213.91666666667,113571.41666666667,54408.41666666667,53028.54166666667,52215.41666666667,49222.16666666667,47787.816666666666,46591.41666666667,46205.16666666667,45127.41666666667,43820.01666666668,41416.91666666667,38834.16666666667,37994.58333333334,36823.216666666674,34297.316666666666,32817.41666666667,20587.41666666667,19611.91666666667,110092.08333333334,18525.41666666667,17550.54166666667,14943.833333333343,9112.488095238106,3533.4166666666715,2329.4880952381063,1929.1666666666715,0.0,1111.5833333333285,107613.75,94930.41666666667,105431.41666666667,102112.41666666667,31573.54166666667,23292.16666666667,29186.16666666667
Orf69,116653.33333333333,12092.5,15117.399999999994,99200.0,97840.66666666667,95242.16666666667,90848.5,88362.0,6360.850000000006,101841.0,100640.75,86687.0,85253.75,83851.0,82260.2,80517.83333333334,78476.33333333334,77326.5,75564.5,70972.33333333334,69749.0,68853.0,65827.66666666666,66021.66666666666,64408.25,61501.5,60422.5,59020.0,57325.5,114683.0,55520.0,54140.125,53327.0,50333.75,48899.399999999994,47703.0,47316.75,46239.0,44931.600000000006,42528.5,39945.75,39106.16666666667,37934.8,35408.899999999994,33929.0,21699.0,20723.5,111203.66666666667,19637.0,18662.125,16055.416666666672,10224.071428571435,4645.0,3441.071428571435,3040.75,1111.5833333333285,0.0,108725.33333333333,96042.0,106543.0,103224.0,32685.125,24403.75,30297.75
Orf7,7927.999999999999,120817.83333333333,123842.73333333332,9525.333333333334,10884.666666666666,13483.166666666666,17876.833333333336,20363.333333333336,115086.18333333333,6884.333333333334,8084.583333333334,22038.333333333336,23471.583333333336,24874.333333333336,26465.13333333334,28207.5,30249.0,31398.833333333336,33160.833333333336,37753.0,38976.333333333336,39872.333333333336,42897.66666666667,42703.66666666667,44317.083333333336,47223.833333333336,48302.833333333336,49705.333333333336,51399.833333333336,5957.666666666666,53205.333333333336,54585.208333333336,55398.333333333336,58391.583333333336,59825.93333333334,61022.333333333336,61408.583333333336,62486.333333333336,63793.73333333333,66196.83333333333,68779.58333333333,69619.16666666666,70790.53333333333,73316.43333333333,74796.33333333333,87026.33333333333,88001.83333333333,2478.333333333333,89088.33333333333,90063.20833333333,92669.91666666666,98501.2619047619,104080.33333333333,105284.2619047619,105684.58333333333,107613.75,108725.33333333333,0.0,12683.333333333334,2182.333333333334,5501.333333333334,76040.20833333333,84321.58333333333,78427.58333333333
Orf70,20611.333333333332,108134.5,111159.4,3158.0,1798.6666666666679,799.8333333333321,5193.5,7680.0,102402.85,5799.0,4598.75,9355.0,10788.25,12191.0,13781.800000000003,15524.166666666664,17565.666666666664,18715.5,20477.5,25069.666666666664,26293.0,27189.0,30214.333333333336,30020.333333333336,31633.75,34540.5,35619.5,37022.0,38716.5,18641.0,40522.0,41901.875,42715.0,45708.25,47142.600000000006,48339.0,48725.25,49803.0,51110.399999999994,53513.5,56096.25,56935.83333333333,58107.2,60633.100000000006,62113.0,74343.0,75318.5,15161.666666666668,76405.0,77379.875,79986.58333333333,85817.92857142857,91397.0,92600.92857142857,93001.25,94930.41666666667,96042.0,12683.333333333334,0.0,10501.0,7182.0,63356.875,71638.25,65744.25
Orf8,10110.333333333334,118635.5,121660.4,7343.0,8702.333333333332,11300.833333333332,15694.5,18181.0,112903.85,4702.0,5902.25,19856.0,21289.25,22692.0,24282.800000000003,26025.166666666664,28066.666666666664,29216.5,30978.5,35570.666666666664,36794.0,37690.0,40715.333333333336,40521.333333333336,42134.75,45041.5,46120.5,47523.0,49217.5,8140.0,51023.0,52402.875,53216.0,56209.25,57643.600000000006,58840.0,59226.25,60304.0,61611.399999999994,64014.5,66597.25,67436.83333333333,68608.2,71134.1,72614.0,84844.0,85819.5,4660.666666666667,86906.0,87880.875,90487.58333333333,96318.92857142857,101898.0,103101.92857142857,103502.25,105431.41666666667,106543.0,2182.333333333334,10501.0,0.0,3319.0,73857.875,82139.25,76245.25
Orf9,13429.333333333334,115316.5,118341.4,4024.0,5383.333333333332,7981.833333333332,12375.5,14862.0,109584.85,1383.0,2583.25,16537.0,17970.25,19373.0,20963.800000000003,22706.166666666664,24747.666666666664,25897.5,27659.5,32251.666666666664,33475.0,34371.0,37396.333333333336,37202.333333333336,38815.75,41722.5,42801.5,44204.0,45898.5,11459.0,47704.0,49083.875,49897.0,52890.25,54324.600000000006,55521.0,55907.25,56985.0,58292.399999999994,60695.5,63278.25,64117.83333333333,65289.2,67815.1,69295.0,81525.0,82500.5,7979.666666666667,83587.0,84561.875,87168.58333333333,92999.92857142857,98579.0,99782.92857142857,100183.25,102112.41666666667,103224.0,5501.333333333334,7182.0,3319.0,0.0,70538.875,78820.25,72926.25
vIRF1,83968.20833333333,44777.625,47802.524999999994,66514.875,65155.54166666667,62557.04166666667,58163.375,55676.875,39045.975000000006,69155.875,67955.625,54001.875,52568.625,51165.875,49575.075,47832.708333333336,45791.208333333336,44641.375,42879.375,38287.208333333336,37063.875,36167.875,33142.541666666664,33336.541666666664,31723.125,28816.375,27737.375,26334.875,24640.375,81997.875,22834.875,21455.0,20641.875,17648.625,16214.274999999994,15017.875,14631.625,13553.875,12246.475000000006,9843.375,7260.625,6421.0416666666715,5249.675000000003,2723.774999999994,1243.875,10986.125,11961.625,78518.54166666667,13048.125,14023.0,16629.70833333333,22461.053571428565,28040.125,29244.053571428565,29644.375,31573.54166666667,32685.125,76040.20833333333,63356.875,73857.875,70538.875,0.0,8281.375,2387.375
vIRF2,92249.58333333333,36496.25,39521.149999999994,74796.25,73436.91666666667,70838.41666666667,66444.75,63958.25,30764.600000000006,77437.25,76237.0,62283.25,60850.0,59447.25,57856.45,56114.083333333336,54072.583333333336,52922.75,51160.75,46568.583333333336,45345.25,44449.25,41423.916666666664,41617.916666666664,40004.5,37097.75,36018.75,34616.25,32921.75,90279.25,31116.25,29736.375,28923.25,25930.0,24495.649999999994,23299.25,22913.0,21835.25,20527.850000000006,18124.75,15542.0,14702.416666666672,13531.050000000003,11005.149999999994,9525.25,2704.75,3680.25,86799.91666666667,4766.75,5741.625,8348.333333333328,14179.678571428565,19758.75,20962.678571428565,21363.0,23292.16666666667,24403.75,84321.58333333333,71638.25,82139.25,78820.25,8281.375,0.0,5894.0
vIRF4,86355.58333333333,42390.25,45415.149999999994,68902.25,67542.91666666667,64944.41666666667,60550.75,58064.25,36658.600000000006,71543.25,70343.0,56389.25,54956.0,53553.25,51962.45,50220.083333333336,48178.583333333336,47028.75,45266.75,40674.583333333336,39451.25,38555.25,35529.916666666664,35723.916666666664,34110.5,31203.75,30124.75,28722.25,27027.75,84385.25,25222.25,23842.375,23029.25,20036.0,18601.649999999994,17405.25,17019.0,15941.25,14633.850000000006,12230.75,9648.0,8808.416666666672,7637.050000000003,5111.149999999994,3631.25,8598.75,9574.25,80905.91666666667,10660.75,11635.625,14242.333333333328,20073.678571428565,25652.75,26856.678571428565,27257.0,29186.16666666667,30297.75,78427.58333333333,65744.25,76245.25,72926.25,2387.375,5894.0,0.0
